audio_path,spect_path,annot_path,annot_format,duration,timebin_dur,split
/home/art/Documents/data/BFSongRepository/gr41rd51/062112/has_notmat_gaps_cleaned/gr41rd51__3part_SYLc_th4191_belowhits_210612_0712.9452.cbin,/home/art/Documents/repos/coding/birdsong/tweetynet/data/BFSongRepository/learncurve/gr41rd51/spectrograms_generated_210521_212334/gr41rd51__3part_SYLc_th4191_belowhits_210612_0712.9452.cbin.spect.npz,/home/art/Documents/data/BFSongRepository/gr41rd51/062112/has_notmat_gaps_cleaned/gr41rd51__3part_SYLc_th4191_belowhits_210612_0712.9452.cbin.not.mat,notmat,13.444,0.002,train
/home/art/Documents/data/BFSongRepository/gr41rd51/062112/has_notmat_gaps_cleaned/gr41rd51__3part_SYLc_th4191_belowhits_210612_0713.9455.cbin,/home/art/Documents/repos/coding/birdsong/tweetynet/data/BFSongRepository/learncurve/gr41rd51/spectrograms_generated_210521_212334/gr41rd51__3part_SYLc_th4191_belowhits_210612_0713.9455.cbin.spect.npz,/home/art/Documents/data/BFSongRepository/gr41rd51/062112/has_notmat_gaps_cleaned/gr41rd51__3part_SYLc_th4191_belowhits_210612_0713.9455.cbin.not.mat,notmat,12.378,0.002,train
/home/art/Documents/data/BFSongRepository/gr41rd51/062112/has_notmat_gaps_cleaned/gr41rd51__3part_SYLc_th4191_belowhits_210612_0715.9458.cbin,/home/art/Documents/repos/coding/birdsong/tweetynet/data/BFSongRepository/learncurve/gr41rd51/spectrograms_generated_210521_212334/gr41rd51__3part_SYLc_th4191_belowhits_210612_0715.9458.cbin.spect.npz,/home/art/Documents/data/BFSongRepository/gr41rd51/062112/has_notmat_gaps_cleaned/gr41rd51__3part_SYLc_th4191_belowhits_210612_0715.9458.cbin.not.mat,notmat,11.136000000000001,0.002,None
/home/art/Documents/data/BFSongRepository/gr41rd51/062112/has_notmat_gaps_cleaned/gr41rd51__3part_SYLc_th4191_belowhits_210612_0722.9480.cbin,/home/art/Documents/repos/coding/birdsong/tweetynet/data/BFSongRepository/learncurve/gr41rd51/spectrograms_generated_210521_212334/gr41rd51__3part_SYLc_th4191_belowhits_210612_0722.9480.cbin.spect.npz,/home/art/Documents/data/BFSongRepository/gr41rd51/062112/has_notmat_gaps_cleaned/gr41rd51__3part_SYLc_th4191_belowhits_210612_0722.9480.cbin.not.mat,notmat,14.408,0.002,test
/home/art/Documents/data/BFSongRepository/gr41rd51/062112/has_notmat_gaps_cleaned/gr41rd51__3part_SYLc_th4191_belowhits_210612_0722.9484.cbin,/home/art/Documents/repos/coding/birdsong/tweetynet/data/BFSongRepository/learncurve/gr41rd51/spectrograms_generated_210521_212334/gr41rd51__3part_SYLc_th4191_belowhits_210612_0722.9484.cbin.spect.npz,/home/art/Documents/data/BFSongRepository/gr41rd51/062112/has_notmat_gaps_cleaned/gr41rd51__3part_SYLc_th4191_belowhits_210612_0722.9484.cbin.not.mat,notmat,20.142,0.002,train
/home/art/Documents/data/BFSongRepository/gr41rd51/062112/has_notmat_gaps_cleaned/gr41rd51__3part_SYLc_th4191_belowhits_210612_0735.9599.cbin,/home/art/Documents/repos/coding/birdsong/tweetynet/data/BFSongRepository/learncurve/gr41rd51/spectrograms_generated_210521_212334/gr41rd51__3part_SYLc_th4191_belowhits_210612_0735.9599.cbin.spect.npz,/home/art/Documents/data/BFSongRepository/gr41rd51/062112/has_notmat_gaps_cleaned/gr41rd51__3part_SYLc_th4191_belowhits_210612_0735.9599.cbin.not.mat,notmat,12.096,0.002,None
/home/art/Documents/data/BFSongRepository/gr41rd51/062112/has_notmat_gaps_cleaned/gr41rd51__3part_SYLc_th4191_belowhits_210612_0738.9616.cbin,/home/art/Documents/repos/coding/birdsong/tweetynet/data/BFSongRepository/learncurve/gr41rd51/spectrograms_generated_210521_212334/gr41rd51__3part_SYLc_th4191_belowhits_210612_0738.9616.cbin.spect.npz,/home/art/Documents/data/BFSongRepository/gr41rd51/062112/has_notmat_gaps_cleaned/gr41rd51__3part_SYLc_th4191_belowhits_210612_0738.9616.cbin.not.mat,notmat,8.818,0.002,train
/home/art/Documents/data/BFSongRepository/gr41rd51/062112/has_notmat_gaps_cleaned/gr41rd51__3part_SYLc_th4191_belowhits_210612_0738.9620.cbin,/home/art/Documents/repos/coding/birdsong/tweetynet/data/BFSongRepository/learncurve/gr41rd51/spectrograms_generated_210521_212334/gr41rd51__3part_SYLc_th4191_belowhits_210612_0738.9620.cbin.spect.npz,/home/art/Documents/data/BFSongRepository/gr41rd51/062112/has_notmat_gaps_cleaned/gr41rd51__3part_SYLc_th4191_belowhits_210612_0738.9620.cbin.not.mat,notmat,10.932,0.002,train
/home/art/Documents/data/BFSongRepository/gr41rd51/062112/has_notmat_gaps_cleaned/gr41rd51__3part_SYLc_th4191_belowhits_210612_0738.9621.cbin,/home/art/Documents/repos/coding/birdsong/tweetynet/data/BFSongRepository/learncurve/gr41rd51/spectrograms_generated_210521_212334/gr41rd51__3part_SYLc_th4191_belowhits_210612_0738.9621.cbin.spect.npz,/home/art/Documents/data/BFSongRepository/gr41rd51/062112/has_notmat_gaps_cleaned/gr41rd51__3part_SYLc_th4191_belowhits_210612_0738.9621.cbin.not.mat,notmat,11.766,0.002,val
/home/art/Documents/data/BFSongRepository/gr41rd51/062112/has_notmat_gaps_cleaned/gr41rd51__3part_SYLc_th4191_belowhits_210612_0741.9644.cbin,/home/art/Documents/repos/coding/birdsong/tweetynet/data/BFSongRepository/learncurve/gr41rd51/spectrograms_generated_210521_212334/gr41rd51__3part_SYLc_th4191_belowhits_210612_0741.9644.cbin.spect.npz,/home/art/Documents/data/BFSongRepository/gr41rd51/062112/has_notmat_gaps_cleaned/gr41rd51__3part_SYLc_th4191_belowhits_210612_0741.9644.cbin.not.mat,notmat,10.468,0.002,None
/home/art/Documents/data/BFSongRepository/gr41rd51/062112/has_notmat_gaps_cleaned/gr41rd51__3part_SYLc_th4191_belowhits_210612_0741.9646.cbin,/home/art/Documents/repos/coding/birdsong/tweetynet/data/BFSongRepository/learncurve/gr41rd51/spectrograms_generated_210521_212334/gr41rd51__3part_SYLc_th4191_belowhits_210612_0741.9646.cbin.spect.npz,/home/art/Documents/data/BFSongRepository/gr41rd51/062112/has_notmat_gaps_cleaned/gr41rd51__3part_SYLc_th4191_belowhits_210612_0741.9646.cbin.not.mat,notmat,10.904,0.002,train
/home/art/Documents/data/BFSongRepository/gr41rd51/062112/has_notmat_gaps_cleaned/gr41rd51__3part_SYLc_th4191_belowhits_210612_0743.9663.cbin,/home/art/Documents/repos/coding/birdsong/tweetynet/data/BFSongRepository/learncurve/gr41rd51/spectrograms_generated_210521_212334/gr41rd51__3part_SYLc_th4191_belowhits_210612_0743.9663.cbin.spect.npz,/home/art/Documents/data/BFSongRepository/gr41rd51/062112/has_notmat_gaps_cleaned/gr41rd51__3part_SYLc_th4191_belowhits_210612_0743.9663.cbin.not.mat,notmat,12.194,0.002,train
/home/art/Documents/data/BFSongRepository/gr41rd51/062112/has_notmat_gaps_cleaned/gr41rd51__3part_SYLc_th4191_belowhits_210612_0746.9687.cbin,/home/art/Documents/repos/coding/birdsong/tweetynet/data/BFSongRepository/learncurve/gr41rd51/spectrograms_generated_210521_212334/gr41rd51__3part_SYLc_th4191_belowhits_210612_0746.9687.cbin.spect.npz,/home/art/Documents/data/BFSongRepository/gr41rd51/062112/has_notmat_gaps_cleaned/gr41rd51__3part_SYLc_th4191_belowhits_210612_0746.9687.cbin.not.mat,notmat,11.548,0.002,test
/home/art/Documents/data/BFSongRepository/gr41rd51/062112/has_notmat_gaps_cleaned/gr41rd51__3part_SYLc_th4191_belowhits_210612_0748.9693.cbin,/home/art/Documents/repos/coding/birdsong/tweetynet/data/BFSongRepository/learncurve/gr41rd51/spectrograms_generated_210521_212334/gr41rd51__3part_SYLc_th4191_belowhits_210612_0748.9693.cbin.spect.npz,/home/art/Documents/data/BFSongRepository/gr41rd51/062112/has_notmat_gaps_cleaned/gr41rd51__3part_SYLc_th4191_belowhits_210612_0748.9693.cbin.not.mat,notmat,18.46,0.002,None
/home/art/Documents/data/BFSongRepository/gr41rd51/062112/has_notmat_gaps_cleaned/gr41rd51__3part_SYLc_th4191_belowhits_210612_0750.9715.cbin,/home/art/Documents/repos/coding/birdsong/tweetynet/data/BFSongRepository/learncurve/gr41rd51/spectrograms_generated_210521_212334/gr41rd51__3part_SYLc_th4191_belowhits_210612_0750.9715.cbin.spect.npz,/home/art/Documents/data/BFSongRepository/gr41rd51/062112/has_notmat_gaps_cleaned/gr41rd51__3part_SYLc_th4191_belowhits_210612_0750.9715.cbin.not.mat,notmat,15.106,0.002,train
/home/art/Documents/data/BFSongRepository/gr41rd51/062112/has_notmat_gaps_cleaned/gr41rd51__3part_SYLc_th4191_belowhits_210612_0750.9718.cbin,/home/art/Documents/repos/coding/birdsong/tweetynet/data/BFSongRepository/learncurve/gr41rd51/spectrograms_generated_210521_212334/gr41rd51__3part_SYLc_th4191_belowhits_210612_0750.9718.cbin.spect.npz,/home/art/Documents/data/BFSongRepository/gr41rd51/062112/has_notmat_gaps_cleaned/gr41rd51__3part_SYLc_th4191_belowhits_210612_0750.9718.cbin.not.mat,notmat,11.836,0.002,None
/home/art/Documents/data/BFSongRepository/gr41rd51/062112/has_notmat_gaps_cleaned/gr41rd51__3part_SYLc_th4191_belowhits_210612_0753.9736.cbin,/home/art/Documents/repos/coding/birdsong/tweetynet/data/BFSongRepository/learncurve/gr41rd51/spectrograms_generated_210521_212334/gr41rd51__3part_SYLc_th4191_belowhits_210612_0753.9736.cbin.spect.npz,/home/art/Documents/data/BFSongRepository/gr41rd51/062112/has_notmat_gaps_cleaned/gr41rd51__3part_SYLc_th4191_belowhits_210612_0753.9736.cbin.not.mat,notmat,14.354000000000001,0.002,train
/home/art/Documents/data/BFSongRepository/gr41rd51/062112/has_notmat_gaps_cleaned/gr41rd51__3part_SYLc_th4191_belowhits_210612_0755.9761.cbin,/home/art/Documents/repos/coding/birdsong/tweetynet/data/BFSongRepository/learncurve/gr41rd51/spectrograms_generated_210521_212334/gr41rd51__3part_SYLc_th4191_belowhits_210612_0755.9761.cbin.spect.npz,/home/art/Documents/data/BFSongRepository/gr41rd51/062112/has_notmat_gaps_cleaned/gr41rd51__3part_SYLc_th4191_belowhits_210612_0755.9761.cbin.not.mat,notmat,10.96,0.002,train
/home/art/Documents/data/BFSongRepository/gr41rd51/062112/has_notmat_gaps_cleaned/gr41rd51__3part_SYLc_th4191_belowhits_210612_0756.9766.cbin,/home/art/Documents/repos/coding/birdsong/tweetynet/data/BFSongRepository/learncurve/gr41rd51/spectrograms_generated_210521_212334/gr41rd51__3part_SYLc_th4191_belowhits_210612_0756.9766.cbin.spect.npz,/home/art/Documents/data/BFSongRepository/gr41rd51/062112/has_notmat_gaps_cleaned/gr41rd51__3part_SYLc_th4191_belowhits_210612_0756.9766.cbin.not.mat,notmat,10.666,0.002,None
/home/art/Documents/data/BFSongRepository/gr41rd51/062112/has_notmat_gaps_cleaned/gr41rd51__3part_SYLc_th4191_belowhits_210612_0756.9769.cbin,/home/art/Documents/repos/coding/birdsong/tweetynet/data/BFSongRepository/learncurve/gr41rd51/spectrograms_generated_210521_212334/gr41rd51__3part_SYLc_th4191_belowhits_210612_0756.9769.cbin.spect.npz,/home/art/Documents/data/BFSongRepository/gr41rd51/062112/has_notmat_gaps_cleaned/gr41rd51__3part_SYLc_th4191_belowhits_210612_0756.9769.cbin.not.mat,notmat,15.13,0.002,test
/home/art/Documents/data/BFSongRepository/gr41rd51/062112/has_notmat_gaps_cleaned/gr41rd51__3part_SYLc_th4191_belowhits_210612_0759.9797.cbin,/home/art/Documents/repos/coding/birdsong/tweetynet/data/BFSongRepository/learncurve/gr41rd51/spectrograms_generated_210521_212334/gr41rd51__3part_SYLc_th4191_belowhits_210612_0759.9797.cbin.spect.npz,/home/art/Documents/data/BFSongRepository/gr41rd51/062112/has_notmat_gaps_cleaned/gr41rd51__3part_SYLc_th4191_belowhits_210612_0759.9797.cbin.not.mat,notmat,12.488,0.002,train
/home/art/Documents/data/BFSongRepository/gr41rd51/062112/has_notmat_gaps_cleaned/gr41rd51__3part_SYLc_th4191_belowhits_210612_0806.9840.cbin,/home/art/Documents/repos/coding/birdsong/tweetynet/data/BFSongRepository/learncurve/gr41rd51/spectrograms_generated_210521_212334/gr41rd51__3part_SYLc_th4191_belowhits_210612_0806.9840.cbin.spect.npz,/home/art/Documents/data/BFSongRepository/gr41rd51/062112/has_notmat_gaps_cleaned/gr41rd51__3part_SYLc_th4191_belowhits_210612_0806.9840.cbin.not.mat,notmat,12.964,0.002,train
/home/art/Documents/data/BFSongRepository/gr41rd51/062112/has_notmat_gaps_cleaned/gr41rd51__3part_SYLc_th4191_belowhits_210612_0807.9842.cbin,/home/art/Documents/repos/coding/birdsong/tweetynet/data/BFSongRepository/learncurve/gr41rd51/spectrograms_generated_210521_212334/gr41rd51__3part_SYLc_th4191_belowhits_210612_0807.9842.cbin.spect.npz,/home/art/Documents/data/BFSongRepository/gr41rd51/062112/has_notmat_gaps_cleaned/gr41rd51__3part_SYLc_th4191_belowhits_210612_0807.9842.cbin.not.mat,notmat,11.004,0.002,None
/home/art/Documents/data/BFSongRepository/gr41rd51/062112/has_notmat_gaps_cleaned/gr41rd51__3part_SYLc_th4191_belowhits_210612_0808.9845.cbin,/home/art/Documents/repos/coding/birdsong/tweetynet/data/BFSongRepository/learncurve/gr41rd51/spectrograms_generated_210521_212334/gr41rd51__3part_SYLc_th4191_belowhits_210612_0808.9845.cbin.spect.npz,/home/art/Documents/data/BFSongRepository/gr41rd51/062112/has_notmat_gaps_cleaned/gr41rd51__3part_SYLc_th4191_belowhits_210612_0808.9845.cbin.not.mat,notmat,11.19,0.002,test
/home/art/Documents/data/BFSongRepository/gr41rd51/062112/has_notmat_gaps_cleaned/gr41rd51__3part_SYLc_th4191_belowhits_210612_0810.9866.cbin,/home/art/Documents/repos/coding/birdsong/tweetynet/data/BFSongRepository/learncurve/gr41rd51/spectrograms_generated_210521_212334/gr41rd51__3part_SYLc_th4191_belowhits_210612_0810.9866.cbin.spect.npz,/home/art/Documents/data/BFSongRepository/gr41rd51/062112/has_notmat_gaps_cleaned/gr41rd51__3part_SYLc_th4191_belowhits_210612_0810.9866.cbin.not.mat,notmat,13.126,0.002,None
/home/art/Documents/data/BFSongRepository/gr41rd51/062112/has_notmat_gaps_cleaned/gr41rd51__3part_SYLc_th4191_belowhits_210612_0810.9868.cbin,/home/art/Documents/repos/coding/birdsong/tweetynet/data/BFSongRepository/learncurve/gr41rd51/spectrograms_generated_210521_212334/gr41rd51__3part_SYLc_th4191_belowhits_210612_0810.9868.cbin.spect.npz,/home/art/Documents/data/BFSongRepository/gr41rd51/062112/has_notmat_gaps_cleaned/gr41rd51__3part_SYLc_th4191_belowhits_210612_0810.9868.cbin.not.mat,notmat,8.682,0.002,test
/home/art/Documents/data/BFSongRepository/gr41rd51/062112/has_notmat_gaps_cleaned/gr41rd51__3part_SYLc_th4191_belowhits_210612_0813.9890.cbin,/home/art/Documents/repos/coding/birdsong/tweetynet/data/BFSongRepository/learncurve/gr41rd51/spectrograms_generated_210521_212334/gr41rd51__3part_SYLc_th4191_belowhits_210612_0813.9890.cbin.spect.npz,/home/art/Documents/data/BFSongRepository/gr41rd51/062112/has_notmat_gaps_cleaned/gr41rd51__3part_SYLc_th4191_belowhits_210612_0813.9890.cbin.not.mat,notmat,14.096,0.002,val
/home/art/Documents/data/BFSongRepository/gr41rd51/062112/has_notmat_gaps_cleaned/gr41rd51__3part_SYLc_th4191_belowhits_210612_0814.9893.cbin,/home/art/Documents/repos/coding/birdsong/tweetynet/data/BFSongRepository/learncurve/gr41rd51/spectrograms_generated_210521_212334/gr41rd51__3part_SYLc_th4191_belowhits_210612_0814.9893.cbin.spect.npz,/home/art/Documents/data/BFSongRepository/gr41rd51/062112/has_notmat_gaps_cleaned/gr41rd51__3part_SYLc_th4191_belowhits_210612_0814.9893.cbin.not.mat,notmat,12.468,0.002,train
/home/art/Documents/data/BFSongRepository/gr41rd51/062112/has_notmat_gaps_cleaned/gr41rd51__3part_SYLc_th4191_belowhits_210612_0814.9897.cbin,/home/art/Documents/repos/coding/birdsong/tweetynet/data/BFSongRepository/learncurve/gr41rd51/spectrograms_generated_210521_212334/gr41rd51__3part_SYLc_th4191_belowhits_210612_0814.9897.cbin.spect.npz,/home/art/Documents/data/BFSongRepository/gr41rd51/062112/has_notmat_gaps_cleaned/gr41rd51__3part_SYLc_th4191_belowhits_210612_0814.9897.cbin.not.mat,notmat,14.674,0.002,None
/home/art/Documents/data/BFSongRepository/gr41rd51/062112/has_notmat_gaps_cleaned/gr41rd51__3part_SYLc_th4191_belowhits_210612_0815.9899.cbin,/home/art/Documents/repos/coding/birdsong/tweetynet/data/BFSongRepository/learncurve/gr41rd51/spectrograms_generated_210521_212334/gr41rd51__3part_SYLc_th4191_belowhits_210612_0815.9899.cbin.spect.npz,/home/art/Documents/data/BFSongRepository/gr41rd51/062112/has_notmat_gaps_cleaned/gr41rd51__3part_SYLc_th4191_belowhits_210612_0815.9899.cbin.not.mat,notmat,11.696,0.002,train
/home/art/Documents/data/BFSongRepository/gr41rd51/062112/has_notmat_gaps_cleaned/gr41rd51__3part_SYLc_th4191_belowhits_210612_0815.9902.cbin,/home/art/Documents/repos/coding/birdsong/tweetynet/data/BFSongRepository/learncurve/gr41rd51/spectrograms_generated_210521_212334/gr41rd51__3part_SYLc_th4191_belowhits_210612_0815.9902.cbin.spect.npz,/home/art/Documents/data/BFSongRepository/gr41rd51/062112/has_notmat_gaps_cleaned/gr41rd51__3part_SYLc_th4191_belowhits_210612_0815.9902.cbin.not.mat,notmat,12.428,0.002,train
/home/art/Documents/data/BFSongRepository/gr41rd51/062112/has_notmat_gaps_cleaned/gr41rd51__3part_SYLc_th4191_belowhits_210612_0817.9917.cbin,/home/art/Documents/repos/coding/birdsong/tweetynet/data/BFSongRepository/learncurve/gr41rd51/spectrograms_generated_210521_212334/gr41rd51__3part_SYLc_th4191_belowhits_210612_0817.9917.cbin.spect.npz,/home/art/Documents/data/BFSongRepository/gr41rd51/062112/has_notmat_gaps_cleaned/gr41rd51__3part_SYLc_th4191_belowhits_210612_0817.9917.cbin.not.mat,notmat,10.516,0.002,train
/home/art/Documents/data/BFSongRepository/gr41rd51/062112/has_notmat_gaps_cleaned/gr41rd51__3part_SYLc_th4191_belowhits_210612_0817.9918.cbin,/home/art/Documents/repos/coding/birdsong/tweetynet/data/BFSongRepository/learncurve/gr41rd51/spectrograms_generated_210521_212334/gr41rd51__3part_SYLc_th4191_belowhits_210612_0817.9918.cbin.spect.npz,/home/art/Documents/data/BFSongRepository/gr41rd51/062112/has_notmat_gaps_cleaned/gr41rd51__3part_SYLc_th4191_belowhits_210612_0817.9918.cbin.not.mat,notmat,11.064,0.002,train
/home/art/Documents/data/BFSongRepository/gr41rd51/062112/has_notmat_gaps_cleaned/gr41rd51__3part_SYLc_th4191_belowhits_210612_0821.9945.cbin,/home/art/Documents/repos/coding/birdsong/tweetynet/data/BFSongRepository/learncurve/gr41rd51/spectrograms_generated_210521_212334/gr41rd51__3part_SYLc_th4191_belowhits_210612_0821.9945.cbin.spect.npz,/home/art/Documents/data/BFSongRepository/gr41rd51/062112/has_notmat_gaps_cleaned/gr41rd51__3part_SYLc_th4191_belowhits_210612_0821.9945.cbin.not.mat,notmat,12.24,0.002,train
/home/art/Documents/data/BFSongRepository/gr41rd51/062112/has_notmat_gaps_cleaned/gr41rd51__3part_SYLc_th4191_belowhits_210612_0821.9947.cbin,/home/art/Documents/repos/coding/birdsong/tweetynet/data/BFSongRepository/learncurve/gr41rd51/spectrograms_generated_210521_212334/gr41rd51__3part_SYLc_th4191_belowhits_210612_0821.9947.cbin.spect.npz,/home/art/Documents/data/BFSongRepository/gr41rd51/062112/has_notmat_gaps_cleaned/gr41rd51__3part_SYLc_th4191_belowhits_210612_0821.9947.cbin.not.mat,notmat,11.192,0.002,None
/home/art/Documents/data/BFSongRepository/gr41rd51/062112/has_notmat_gaps_cleaned/gr41rd51__3part_SYLc_th4191_belowhits_210612_0822.9950.cbin,/home/art/Documents/repos/coding/birdsong/tweetynet/data/BFSongRepository/learncurve/gr41rd51/spectrograms_generated_210521_212334/gr41rd51__3part_SYLc_th4191_belowhits_210612_0822.9950.cbin.spect.npz,/home/art/Documents/data/BFSongRepository/gr41rd51/062112/has_notmat_gaps_cleaned/gr41rd51__3part_SYLc_th4191_belowhits_210612_0822.9950.cbin.not.mat,notmat,12.988,0.002,train
/home/art/Documents/data/BFSongRepository/gr41rd51/062112/has_notmat_gaps_cleaned/gr41rd51__3part_SYLc_th4191_belowhits_210612_0822.9951.cbin,/home/art/Documents/repos/coding/birdsong/tweetynet/data/BFSongRepository/learncurve/gr41rd51/spectrograms_generated_210521_212334/gr41rd51__3part_SYLc_th4191_belowhits_210612_0822.9951.cbin.spect.npz,/home/art/Documents/data/BFSongRepository/gr41rd51/062112/has_notmat_gaps_cleaned/gr41rd51__3part_SYLc_th4191_belowhits_210612_0822.9951.cbin.not.mat,notmat,12.852,0.002,None
/home/art/Documents/data/BFSongRepository/gr41rd51/062112/has_notmat_gaps_cleaned/gr41rd51__3part_SYLc_th4191_belowhits_210612_0823.9956.cbin,/home/art/Documents/repos/coding/birdsong/tweetynet/data/BFSongRepository/learncurve/gr41rd51/spectrograms_generated_210521_212334/gr41rd51__3part_SYLc_th4191_belowhits_210612_0823.9956.cbin.spect.npz,/home/art/Documents/data/BFSongRepository/gr41rd51/062112/has_notmat_gaps_cleaned/gr41rd51__3part_SYLc_th4191_belowhits_210612_0823.9956.cbin.not.mat,notmat,13.906,0.002,None
/home/art/Documents/data/BFSongRepository/gr41rd51/062112/has_notmat_gaps_cleaned/gr41rd51__3part_SYLc_th4191_belowhits_210612_0825.9972.cbin,/home/art/Documents/repos/coding/birdsong/tweetynet/data/BFSongRepository/learncurve/gr41rd51/spectrograms_generated_210521_212334/gr41rd51__3part_SYLc_th4191_belowhits_210612_0825.9972.cbin.spect.npz,/home/art/Documents/data/BFSongRepository/gr41rd51/062112/has_notmat_gaps_cleaned/gr41rd51__3part_SYLc_th4191_belowhits_210612_0825.9972.cbin.not.mat,notmat,12.006,0.002,None
/home/art/Documents/data/BFSongRepository/gr41rd51/062112/has_notmat_gaps_cleaned/gr41rd51__3part_SYLc_th4191_belowhits_210612_0826.9982.cbin,/home/art/Documents/repos/coding/birdsong/tweetynet/data/BFSongRepository/learncurve/gr41rd51/spectrograms_generated_210521_212334/gr41rd51__3part_SYLc_th4191_belowhits_210612_0826.9982.cbin.spect.npz,/home/art/Documents/data/BFSongRepository/gr41rd51/062112/has_notmat_gaps_cleaned/gr41rd51__3part_SYLc_th4191_belowhits_210612_0826.9982.cbin.not.mat,notmat,11.334,0.002,train
/home/art/Documents/data/BFSongRepository/gr41rd51/062112/has_notmat_gaps_cleaned/gr41rd51__3part_SYLc_th4191_belowhits_210612_0827.9985.cbin,/home/art/Documents/repos/coding/birdsong/tweetynet/data/BFSongRepository/learncurve/gr41rd51/spectrograms_generated_210521_212334/gr41rd51__3part_SYLc_th4191_belowhits_210612_0827.9985.cbin.spect.npz,/home/art/Documents/data/BFSongRepository/gr41rd51/062112/has_notmat_gaps_cleaned/gr41rd51__3part_SYLc_th4191_belowhits_210612_0827.9985.cbin.not.mat,notmat,14.572000000000001,0.002,None
/home/art/Documents/data/BFSongRepository/gr41rd51/062112/has_notmat_gaps_cleaned/gr41rd51__3part_SYLc_th4191_belowhits_210612_0830.10007.cbin,/home/art/Documents/repos/coding/birdsong/tweetynet/data/BFSongRepository/learncurve/gr41rd51/spectrograms_generated_210521_212334/gr41rd51__3part_SYLc_th4191_belowhits_210612_0830.10007.cbin.spect.npz,/home/art/Documents/data/BFSongRepository/gr41rd51/062112/has_notmat_gaps_cleaned/gr41rd51__3part_SYLc_th4191_belowhits_210612_0830.10007.cbin.not.mat,notmat,12.450000000000001,0.002,train
/home/art/Documents/data/BFSongRepository/gr41rd51/062112/has_notmat_gaps_cleaned/gr41rd51__3part_SYLc_th4191_belowhits_210612_0831.10014.cbin,/home/art/Documents/repos/coding/birdsong/tweetynet/data/BFSongRepository/learncurve/gr41rd51/spectrograms_generated_210521_212334/gr41rd51__3part_SYLc_th4191_belowhits_210612_0831.10014.cbin.spect.npz,/home/art/Documents/data/BFSongRepository/gr41rd51/062112/has_notmat_gaps_cleaned/gr41rd51__3part_SYLc_th4191_belowhits_210612_0831.10014.cbin.not.mat,notmat,12.864,0.002,None
/home/art/Documents/data/BFSongRepository/gr41rd51/062112/has_notmat_gaps_cleaned/gr41rd51__3part_SYLc_th4191_belowhits_210612_0833.10025.cbin,/home/art/Documents/repos/coding/birdsong/tweetynet/data/BFSongRepository/learncurve/gr41rd51/spectrograms_generated_210521_212334/gr41rd51__3part_SYLc_th4191_belowhits_210612_0833.10025.cbin.spect.npz,/home/art/Documents/data/BFSongRepository/gr41rd51/062112/has_notmat_gaps_cleaned/gr41rd51__3part_SYLc_th4191_belowhits_210612_0833.10025.cbin.not.mat,notmat,9.71,0.002,train
/home/art/Documents/data/BFSongRepository/gr41rd51/062112/has_notmat_gaps_cleaned/gr41rd51__3part_SYLc_th4191_belowhits_210612_0833.10030.cbin,/home/art/Documents/repos/coding/birdsong/tweetynet/data/BFSongRepository/learncurve/gr41rd51/spectrograms_generated_210521_212334/gr41rd51__3part_SYLc_th4191_belowhits_210612_0833.10030.cbin.spect.npz,/home/art/Documents/data/BFSongRepository/gr41rd51/062112/has_notmat_gaps_cleaned/gr41rd51__3part_SYLc_th4191_belowhits_210612_0833.10030.cbin.not.mat,notmat,12.594,0.002,test
/home/art/Documents/data/BFSongRepository/gr41rd51/062112/has_notmat_gaps_cleaned/gr41rd51__3part_SYLc_th4191_belowhits_210612_0834.10033.cbin,/home/art/Documents/repos/coding/birdsong/tweetynet/data/BFSongRepository/learncurve/gr41rd51/spectrograms_generated_210521_212334/gr41rd51__3part_SYLc_th4191_belowhits_210612_0834.10033.cbin.spect.npz,/home/art/Documents/data/BFSongRepository/gr41rd51/062112/has_notmat_gaps_cleaned/gr41rd51__3part_SYLc_th4191_belowhits_210612_0834.10033.cbin.not.mat,notmat,11.876,0.002,test
/home/art/Documents/data/BFSongRepository/gr41rd51/062112/has_notmat_gaps_cleaned/gr41rd51__3part_SYLc_th4191_belowhits_210612_0834.10034.cbin,/home/art/Documents/repos/coding/birdsong/tweetynet/data/BFSongRepository/learncurve/gr41rd51/spectrograms_generated_210521_212334/gr41rd51__3part_SYLc_th4191_belowhits_210612_0834.10034.cbin.spect.npz,/home/art/Documents/data/BFSongRepository/gr41rd51/062112/has_notmat_gaps_cleaned/gr41rd51__3part_SYLc_th4191_belowhits_210612_0834.10034.cbin.not.mat,notmat,13.538,0.002,train
/home/art/Documents/data/BFSongRepository/gr41rd51/062112/has_notmat_gaps_cleaned/gr41rd51__3part_SYLc_th4191_belowhits_210612_0835.10036.cbin,/home/art/Documents/repos/coding/birdsong/tweetynet/data/BFSongRepository/learncurve/gr41rd51/spectrograms_generated_210521_212334/gr41rd51__3part_SYLc_th4191_belowhits_210612_0835.10036.cbin.spect.npz,/home/art/Documents/data/BFSongRepository/gr41rd51/062112/has_notmat_gaps_cleaned/gr41rd51__3part_SYLc_th4191_belowhits_210612_0835.10036.cbin.not.mat,notmat,12.334,0.002,train
/home/art/Documents/data/BFSongRepository/gr41rd51/062112/has_notmat_gaps_cleaned/gr41rd51__3part_SYLc_th4191_belowhits_210612_0837.10055.cbin,/home/art/Documents/repos/coding/birdsong/tweetynet/data/BFSongRepository/learncurve/gr41rd51/spectrograms_generated_210521_212334/gr41rd51__3part_SYLc_th4191_belowhits_210612_0837.10055.cbin.spect.npz,/home/art/Documents/data/BFSongRepository/gr41rd51/062112/has_notmat_gaps_cleaned/gr41rd51__3part_SYLc_th4191_belowhits_210612_0837.10055.cbin.not.mat,notmat,11.212,0.002,None
/home/art/Documents/data/BFSongRepository/gr41rd51/062112/has_notmat_gaps_cleaned/gr41rd51__3part_SYLc_th4191_belowhits_210612_0838.10064.cbin,/home/art/Documents/repos/coding/birdsong/tweetynet/data/BFSongRepository/learncurve/gr41rd51/spectrograms_generated_210521_212334/gr41rd51__3part_SYLc_th4191_belowhits_210612_0838.10064.cbin.spect.npz,/home/art/Documents/data/BFSongRepository/gr41rd51/062112/has_notmat_gaps_cleaned/gr41rd51__3part_SYLc_th4191_belowhits_210612_0838.10064.cbin.not.mat,notmat,11.304,0.002,test
/home/art/Documents/data/BFSongRepository/gr41rd51/062112/has_notmat_gaps_cleaned/gr41rd51__3part_SYLc_th4191_belowhits_210612_0842.10095.cbin,/home/art/Documents/repos/coding/birdsong/tweetynet/data/BFSongRepository/learncurve/gr41rd51/spectrograms_generated_210521_212334/gr41rd51__3part_SYLc_th4191_belowhits_210612_0842.10095.cbin.spect.npz,/home/art/Documents/data/BFSongRepository/gr41rd51/062112/has_notmat_gaps_cleaned/gr41rd51__3part_SYLc_th4191_belowhits_210612_0842.10095.cbin.not.mat,notmat,12.47,0.002,train
/home/art/Documents/data/BFSongRepository/gr41rd51/062112/has_notmat_gaps_cleaned/gr41rd51__3part_SYLc_th4191_belowhits_210612_0843.10103.cbin,/home/art/Documents/repos/coding/birdsong/tweetynet/data/BFSongRepository/learncurve/gr41rd51/spectrograms_generated_210521_212334/gr41rd51__3part_SYLc_th4191_belowhits_210612_0843.10103.cbin.spect.npz,/home/art/Documents/data/BFSongRepository/gr41rd51/062112/has_notmat_gaps_cleaned/gr41rd51__3part_SYLc_th4191_belowhits_210612_0843.10103.cbin.not.mat,notmat,13.58,0.002,train
/home/art/Documents/data/BFSongRepository/gr41rd51/062112/has_notmat_gaps_cleaned/gr41rd51__3part_SYLc_th4191_belowhits_210612_0844.10106.cbin,/home/art/Documents/repos/coding/birdsong/tweetynet/data/BFSongRepository/learncurve/gr41rd51/spectrograms_generated_210521_212334/gr41rd51__3part_SYLc_th4191_belowhits_210612_0844.10106.cbin.spect.npz,/home/art/Documents/data/BFSongRepository/gr41rd51/062112/has_notmat_gaps_cleaned/gr41rd51__3part_SYLc_th4191_belowhits_210612_0844.10106.cbin.not.mat,notmat,9.9,0.002,None
/home/art/Documents/data/BFSongRepository/gr41rd51/062112/has_notmat_gaps_cleaned/gr41rd51__3part_SYLc_th4191_belowhits_210612_0845.10109.cbin,/home/art/Documents/repos/coding/birdsong/tweetynet/data/BFSongRepository/learncurve/gr41rd51/spectrograms_generated_210521_212334/gr41rd51__3part_SYLc_th4191_belowhits_210612_0845.10109.cbin.spect.npz,/home/art/Documents/data/BFSongRepository/gr41rd51/062112/has_notmat_gaps_cleaned/gr41rd51__3part_SYLc_th4191_belowhits_210612_0845.10109.cbin.not.mat,notmat,11.622,0.002,train
/home/art/Documents/data/BFSongRepository/gr41rd51/062112/has_notmat_gaps_cleaned/gr41rd51__3part_SYLc_th4191_belowhits_210612_0845.10113.cbin,/home/art/Documents/repos/coding/birdsong/tweetynet/data/BFSongRepository/learncurve/gr41rd51/spectrograms_generated_210521_212334/gr41rd51__3part_SYLc_th4191_belowhits_210612_0845.10113.cbin.spect.npz,/home/art/Documents/data/BFSongRepository/gr41rd51/062112/has_notmat_gaps_cleaned/gr41rd51__3part_SYLc_th4191_belowhits_210612_0845.10113.cbin.not.mat,notmat,14.486,0.002,None
/home/art/Documents/data/BFSongRepository/gr41rd51/062112/has_notmat_gaps_cleaned/gr41rd51__3part_SYLc_th4191_belowhits_210612_0846.10120.cbin,/home/art/Documents/repos/coding/birdsong/tweetynet/data/BFSongRepository/learncurve/gr41rd51/spectrograms_generated_210521_212334/gr41rd51__3part_SYLc_th4191_belowhits_210612_0846.10120.cbin.spect.npz,/home/art/Documents/data/BFSongRepository/gr41rd51/062112/has_notmat_gaps_cleaned/gr41rd51__3part_SYLc_th4191_belowhits_210612_0846.10120.cbin.not.mat,notmat,14.216000000000001,0.002,train
/home/art/Documents/data/BFSongRepository/gr41rd51/062112/has_notmat_gaps_cleaned/gr41rd51__3part_SYLc_th4191_belowhits_210612_0847.10124.cbin,/home/art/Documents/repos/coding/birdsong/tweetynet/data/BFSongRepository/learncurve/gr41rd51/spectrograms_generated_210521_212334/gr41rd51__3part_SYLc_th4191_belowhits_210612_0847.10124.cbin.spect.npz,/home/art/Documents/data/BFSongRepository/gr41rd51/062112/has_notmat_gaps_cleaned/gr41rd51__3part_SYLc_th4191_belowhits_210612_0847.10124.cbin.not.mat,notmat,14.022,0.002,None
/home/art/Documents/data/BFSongRepository/gr41rd51/062112/has_notmat_gaps_cleaned/gr41rd51__3part_SYLc_th4191_belowhits_210612_0848.10128.cbin,/home/art/Documents/repos/coding/birdsong/tweetynet/data/BFSongRepository/learncurve/gr41rd51/spectrograms_generated_210521_212334/gr41rd51__3part_SYLc_th4191_belowhits_210612_0848.10128.cbin.spect.npz,/home/art/Documents/data/BFSongRepository/gr41rd51/062112/has_notmat_gaps_cleaned/gr41rd51__3part_SYLc_th4191_belowhits_210612_0848.10128.cbin.not.mat,notmat,10.348,0.002,train
/home/art/Documents/data/BFSongRepository/gr41rd51/062112/has_notmat_gaps_cleaned/gr41rd51__3part_SYLc_th4191_belowhits_210612_0856.10200.cbin,/home/art/Documents/repos/coding/birdsong/tweetynet/data/BFSongRepository/learncurve/gr41rd51/spectrograms_generated_210521_212334/gr41rd51__3part_SYLc_th4191_belowhits_210612_0856.10200.cbin.spect.npz,/home/art/Documents/data/BFSongRepository/gr41rd51/062112/has_notmat_gaps_cleaned/gr41rd51__3part_SYLc_th4191_belowhits_210612_0856.10200.cbin.not.mat,notmat,16.806,0.002,train
/home/art/Documents/data/BFSongRepository/gr41rd51/062112/has_notmat_gaps_cleaned/gr41rd51__3part_SYLc_th4191_belowhits_210612_0857.10203.cbin,/home/art/Documents/repos/coding/birdsong/tweetynet/data/BFSongRepository/learncurve/gr41rd51/spectrograms_generated_210521_212334/gr41rd51__3part_SYLc_th4191_belowhits_210612_0857.10203.cbin.spect.npz,/home/art/Documents/data/BFSongRepository/gr41rd51/062112/has_notmat_gaps_cleaned/gr41rd51__3part_SYLc_th4191_belowhits_210612_0857.10203.cbin.not.mat,notmat,11.922,0.002,train
/home/art/Documents/data/BFSongRepository/gr41rd51/062112/has_notmat_gaps_cleaned/gr41rd51__3part_SYLc_th4191_belowhits_210612_0859.10224.cbin,/home/art/Documents/repos/coding/birdsong/tweetynet/data/BFSongRepository/learncurve/gr41rd51/spectrograms_generated_210521_212334/gr41rd51__3part_SYLc_th4191_belowhits_210612_0859.10224.cbin.spect.npz,/home/art/Documents/data/BFSongRepository/gr41rd51/062112/has_notmat_gaps_cleaned/gr41rd51__3part_SYLc_th4191_belowhits_210612_0859.10224.cbin.not.mat,notmat,15.154,0.002,val
/home/art/Documents/data/BFSongRepository/gr41rd51/062112/has_notmat_gaps_cleaned/gr41rd51__3part_SYLc_th4191_belowhits_210612_0901.10239.cbin,/home/art/Documents/repos/coding/birdsong/tweetynet/data/BFSongRepository/learncurve/gr41rd51/spectrograms_generated_210521_212334/gr41rd51__3part_SYLc_th4191_belowhits_210612_0901.10239.cbin.spect.npz,/home/art/Documents/data/BFSongRepository/gr41rd51/062112/has_notmat_gaps_cleaned/gr41rd51__3part_SYLc_th4191_belowhits_210612_0901.10239.cbin.not.mat,notmat,14.602,0.002,train
/home/art/Documents/data/BFSongRepository/gr41rd51/062112/has_notmat_gaps_cleaned/gr41rd51__3part_SYLc_th4191_belowhits_210612_0902.10243.cbin,/home/art/Documents/repos/coding/birdsong/tweetynet/data/BFSongRepository/learncurve/gr41rd51/spectrograms_generated_210521_212334/gr41rd51__3part_SYLc_th4191_belowhits_210612_0902.10243.cbin.spect.npz,/home/art/Documents/data/BFSongRepository/gr41rd51/062112/has_notmat_gaps_cleaned/gr41rd51__3part_SYLc_th4191_belowhits_210612_0902.10243.cbin.not.mat,notmat,13.024000000000001,0.002,None
/home/art/Documents/data/BFSongRepository/gr41rd51/062112/has_notmat_gaps_cleaned/gr41rd51__3part_SYLc_th4191_belowhits_210612_0902.10246.cbin,/home/art/Documents/repos/coding/birdsong/tweetynet/data/BFSongRepository/learncurve/gr41rd51/spectrograms_generated_210521_212334/gr41rd51__3part_SYLc_th4191_belowhits_210612_0902.10246.cbin.spect.npz,/home/art/Documents/data/BFSongRepository/gr41rd51/062112/has_notmat_gaps_cleaned/gr41rd51__3part_SYLc_th4191_belowhits_210612_0902.10246.cbin.not.mat,notmat,9.504,0.002,train
/home/art/Documents/data/BFSongRepository/gr41rd51/062112/has_notmat_gaps_cleaned/gr41rd51__3part_SYLc_th4191_belowhits_210612_0908.10288.cbin,/home/art/Documents/repos/coding/birdsong/tweetynet/data/BFSongRepository/learncurve/gr41rd51/spectrograms_generated_210521_212334/gr41rd51__3part_SYLc_th4191_belowhits_210612_0908.10288.cbin.spect.npz,/home/art/Documents/data/BFSongRepository/gr41rd51/062112/has_notmat_gaps_cleaned/gr41rd51__3part_SYLc_th4191_belowhits_210612_0908.10288.cbin.not.mat,notmat,11.506,0.002,train
/home/art/Documents/data/BFSongRepository/gr41rd51/062112/has_notmat_gaps_cleaned/gr41rd51__3part_SYLc_th4191_belowhits_210612_0908.10290.cbin,/home/art/Documents/repos/coding/birdsong/tweetynet/data/BFSongRepository/learncurve/gr41rd51/spectrograms_generated_210521_212334/gr41rd51__3part_SYLc_th4191_belowhits_210612_0908.10290.cbin.spect.npz,/home/art/Documents/data/BFSongRepository/gr41rd51/062112/has_notmat_gaps_cleaned/gr41rd51__3part_SYLc_th4191_belowhits_210612_0908.10290.cbin.not.mat,notmat,11.796,0.002,test
/home/art/Documents/data/BFSongRepository/gr41rd51/062112/has_notmat_gaps_cleaned/gr41rd51__3part_SYLc_th4191_belowhits_210612_0909.10291.cbin,/home/art/Documents/repos/coding/birdsong/tweetynet/data/BFSongRepository/learncurve/gr41rd51/spectrograms_generated_210521_212334/gr41rd51__3part_SYLc_th4191_belowhits_210612_0909.10291.cbin.spect.npz,/home/art/Documents/data/BFSongRepository/gr41rd51/062112/has_notmat_gaps_cleaned/gr41rd51__3part_SYLc_th4191_belowhits_210612_0909.10291.cbin.not.mat,notmat,11.374,0.002,train
/home/art/Documents/data/BFSongRepository/gr41rd51/062112/has_notmat_gaps_cleaned/gr41rd51__3part_SYLc_th4191_belowhits_210612_0909.10292.cbin,/home/art/Documents/repos/coding/birdsong/tweetynet/data/BFSongRepository/learncurve/gr41rd51/spectrograms_generated_210521_212334/gr41rd51__3part_SYLc_th4191_belowhits_210612_0909.10292.cbin.spect.npz,/home/art/Documents/data/BFSongRepository/gr41rd51/062112/has_notmat_gaps_cleaned/gr41rd51__3part_SYLc_th4191_belowhits_210612_0909.10292.cbin.not.mat,notmat,13.47,0.002,None
/home/art/Documents/data/BFSongRepository/gr41rd51/062112/has_notmat_gaps_cleaned/gr41rd51__3part_SYLc_th4191_belowhits_210612_0909.10293.cbin,/home/art/Documents/repos/coding/birdsong/tweetynet/data/BFSongRepository/learncurve/gr41rd51/spectrograms_generated_210521_212334/gr41rd51__3part_SYLc_th4191_belowhits_210612_0909.10293.cbin.spect.npz,/home/art/Documents/data/BFSongRepository/gr41rd51/062112/has_notmat_gaps_cleaned/gr41rd51__3part_SYLc_th4191_belowhits_210612_0909.10293.cbin.not.mat,notmat,11.728,0.002,None
/home/art/Documents/data/BFSongRepository/gr41rd51/062112/has_notmat_gaps_cleaned/gr41rd51__3part_SYLc_th4191_belowhits_210612_0910.10294.cbin,/home/art/Documents/repos/coding/birdsong/tweetynet/data/BFSongRepository/learncurve/gr41rd51/spectrograms_generated_210521_212334/gr41rd51__3part_SYLc_th4191_belowhits_210612_0910.10294.cbin.spect.npz,/home/art/Documents/data/BFSongRepository/gr41rd51/062112/has_notmat_gaps_cleaned/gr41rd51__3part_SYLc_th4191_belowhits_210612_0910.10294.cbin.not.mat,notmat,11.154,0.002,train
/home/art/Documents/data/BFSongRepository/gr41rd51/062112/has_notmat_gaps_cleaned/gr41rd51__3part_SYLc_th4191_belowhits_210612_0910.10296.cbin,/home/art/Documents/repos/coding/birdsong/tweetynet/data/BFSongRepository/learncurve/gr41rd51/spectrograms_generated_210521_212334/gr41rd51__3part_SYLc_th4191_belowhits_210612_0910.10296.cbin.spect.npz,/home/art/Documents/data/BFSongRepository/gr41rd51/062112/has_notmat_gaps_cleaned/gr41rd51__3part_SYLc_th4191_belowhits_210612_0910.10296.cbin.not.mat,notmat,14.322000000000001,0.002,None
/home/art/Documents/data/BFSongRepository/gr41rd51/062112/has_notmat_gaps_cleaned/gr41rd51__3part_SYLc_th4191_belowhits_210612_0911.10299.cbin,/home/art/Documents/repos/coding/birdsong/tweetynet/data/BFSongRepository/learncurve/gr41rd51/spectrograms_generated_210521_212334/gr41rd51__3part_SYLc_th4191_belowhits_210612_0911.10299.cbin.spect.npz,/home/art/Documents/data/BFSongRepository/gr41rd51/062112/has_notmat_gaps_cleaned/gr41rd51__3part_SYLc_th4191_belowhits_210612_0911.10299.cbin.not.mat,notmat,12.118,0.002,None
/home/art/Documents/data/BFSongRepository/gr41rd51/062112/has_notmat_gaps_cleaned/gr41rd51__3part_SYLc_th4191_belowhits_210612_0911.10300.cbin,/home/art/Documents/repos/coding/birdsong/tweetynet/data/BFSongRepository/learncurve/gr41rd51/spectrograms_generated_210521_212334/gr41rd51__3part_SYLc_th4191_belowhits_210612_0911.10300.cbin.spect.npz,/home/art/Documents/data/BFSongRepository/gr41rd51/062112/has_notmat_gaps_cleaned/gr41rd51__3part_SYLc_th4191_belowhits_210612_0911.10300.cbin.not.mat,notmat,10.19,0.002,train
/home/art/Documents/data/BFSongRepository/gr41rd51/062112/has_notmat_gaps_cleaned/gr41rd51__3part_SYLc_th4191_belowhits_210612_0912.10307.cbin,/home/art/Documents/repos/coding/birdsong/tweetynet/data/BFSongRepository/learncurve/gr41rd51/spectrograms_generated_210521_212334/gr41rd51__3part_SYLc_th4191_belowhits_210612_0912.10307.cbin.spect.npz,/home/art/Documents/data/BFSongRepository/gr41rd51/062112/has_notmat_gaps_cleaned/gr41rd51__3part_SYLc_th4191_belowhits_210612_0912.10307.cbin.not.mat,notmat,14.32,0.002,None
/home/art/Documents/data/BFSongRepository/gr41rd51/062112/has_notmat_gaps_cleaned/gr41rd51__3part_SYLc_th4191_belowhits_210612_0914.10315.cbin,/home/art/Documents/repos/coding/birdsong/tweetynet/data/BFSongRepository/learncurve/gr41rd51/spectrograms_generated_210521_212334/gr41rd51__3part_SYLc_th4191_belowhits_210612_0914.10315.cbin.spect.npz,/home/art/Documents/data/BFSongRepository/gr41rd51/062112/has_notmat_gaps_cleaned/gr41rd51__3part_SYLc_th4191_belowhits_210612_0914.10315.cbin.not.mat,notmat,19.664,0.002,None
/home/art/Documents/data/BFSongRepository/gr41rd51/062112/has_notmat_gaps_cleaned/gr41rd51__3part_SYLc_th4191_belowhits_210612_0916.10335.cbin,/home/art/Documents/repos/coding/birdsong/tweetynet/data/BFSongRepository/learncurve/gr41rd51/spectrograms_generated_210521_212334/gr41rd51__3part_SYLc_th4191_belowhits_210612_0916.10335.cbin.spect.npz,/home/art/Documents/data/BFSongRepository/gr41rd51/062112/has_notmat_gaps_cleaned/gr41rd51__3part_SYLc_th4191_belowhits_210612_0916.10335.cbin.not.mat,notmat,13.932,0.002,train
/home/art/Documents/data/BFSongRepository/gr41rd51/062112/has_notmat_gaps_cleaned/gr41rd51__3part_SYLc_th4191_belowhits_210612_0916.10336.cbin,/home/art/Documents/repos/coding/birdsong/tweetynet/data/BFSongRepository/learncurve/gr41rd51/spectrograms_generated_210521_212334/gr41rd51__3part_SYLc_th4191_belowhits_210612_0916.10336.cbin.spect.npz,/home/art/Documents/data/BFSongRepository/gr41rd51/062112/has_notmat_gaps_cleaned/gr41rd51__3part_SYLc_th4191_belowhits_210612_0916.10336.cbin.not.mat,notmat,16.186,0.002,train
/home/art/Documents/data/BFSongRepository/gr41rd51/062112/has_notmat_gaps_cleaned/gr41rd51__3part_SYLc_th4191_belowhits_210612_0917.10338.cbin,/home/art/Documents/repos/coding/birdsong/tweetynet/data/BFSongRepository/learncurve/gr41rd51/spectrograms_generated_210521_212334/gr41rd51__3part_SYLc_th4191_belowhits_210612_0917.10338.cbin.spect.npz,/home/art/Documents/data/BFSongRepository/gr41rd51/062112/has_notmat_gaps_cleaned/gr41rd51__3part_SYLc_th4191_belowhits_210612_0917.10338.cbin.not.mat,notmat,8.872,0.002,None
/home/art/Documents/data/BFSongRepository/gr41rd51/062112/has_notmat_gaps_cleaned/gr41rd51__3part_SYLc_th4191_belowhits_210612_0918.10346.cbin,/home/art/Documents/repos/coding/birdsong/tweetynet/data/BFSongRepository/learncurve/gr41rd51/spectrograms_generated_210521_212334/gr41rd51__3part_SYLc_th4191_belowhits_210612_0918.10346.cbin.spect.npz,/home/art/Documents/data/BFSongRepository/gr41rd51/062112/has_notmat_gaps_cleaned/gr41rd51__3part_SYLc_th4191_belowhits_210612_0918.10346.cbin.not.mat,notmat,15.370000000000001,0.002,test
/home/art/Documents/data/BFSongRepository/gr41rd51/062112/has_notmat_gaps_cleaned/gr41rd51__3part_SYLc_th4191_belowhits_210612_0920.10365.cbin,/home/art/Documents/repos/coding/birdsong/tweetynet/data/BFSongRepository/learncurve/gr41rd51/spectrograms_generated_210521_212334/gr41rd51__3part_SYLc_th4191_belowhits_210612_0920.10365.cbin.spect.npz,/home/art/Documents/data/BFSongRepository/gr41rd51/062112/has_notmat_gaps_cleaned/gr41rd51__3part_SYLc_th4191_belowhits_210612_0920.10365.cbin.not.mat,notmat,13.796000000000001,0.002,None
/home/art/Documents/data/BFSongRepository/gr41rd51/062112/has_notmat_gaps_cleaned/gr41rd51__3part_SYLc_th4191_belowhits_210612_0920.10369.cbin,/home/art/Documents/repos/coding/birdsong/tweetynet/data/BFSongRepository/learncurve/gr41rd51/spectrograms_generated_210521_212334/gr41rd51__3part_SYLc_th4191_belowhits_210612_0920.10369.cbin.spect.npz,/home/art/Documents/data/BFSongRepository/gr41rd51/062112/has_notmat_gaps_cleaned/gr41rd51__3part_SYLc_th4191_belowhits_210612_0920.10369.cbin.not.mat,notmat,12.66,0.002,None
/home/art/Documents/data/BFSongRepository/gr41rd51/062112/has_notmat_gaps_cleaned/gr41rd51__3part_SYLc_th4191_belowhits_210612_0921.10371.cbin,/home/art/Documents/repos/coding/birdsong/tweetynet/data/BFSongRepository/learncurve/gr41rd51/spectrograms_generated_210521_212334/gr41rd51__3part_SYLc_th4191_belowhits_210612_0921.10371.cbin.spect.npz,/home/art/Documents/data/BFSongRepository/gr41rd51/062112/has_notmat_gaps_cleaned/gr41rd51__3part_SYLc_th4191_belowhits_210612_0921.10371.cbin.not.mat,notmat,13.444,0.002,None
/home/art/Documents/data/BFSongRepository/gr41rd51/062112/has_notmat_gaps_cleaned/gr41rd51__3part_SYLc_th4191_belowhits_210612_0921.10374.cbin,/home/art/Documents/repos/coding/birdsong/tweetynet/data/BFSongRepository/learncurve/gr41rd51/spectrograms_generated_210521_212334/gr41rd51__3part_SYLc_th4191_belowhits_210612_0921.10374.cbin.spect.npz,/home/art/Documents/data/BFSongRepository/gr41rd51/062112/has_notmat_gaps_cleaned/gr41rd51__3part_SYLc_th4191_belowhits_210612_0921.10374.cbin.not.mat,notmat,10.078,0.002,test
/home/art/Documents/data/BFSongRepository/gr41rd51/062112/has_notmat_gaps_cleaned/gr41rd51__3part_SYLc_th4191_belowhits_210612_0923.10386.cbin,/home/art/Documents/repos/coding/birdsong/tweetynet/data/BFSongRepository/learncurve/gr41rd51/spectrograms_generated_210521_212334/gr41rd51__3part_SYLc_th4191_belowhits_210612_0923.10386.cbin.spect.npz,/home/art/Documents/data/BFSongRepository/gr41rd51/062112/has_notmat_gaps_cleaned/gr41rd51__3part_SYLc_th4191_belowhits_210612_0923.10386.cbin.not.mat,notmat,12.022,0.002,train
/home/art/Documents/data/BFSongRepository/gr41rd51/062112/has_notmat_gaps_cleaned/gr41rd51__3part_SYLc_th4191_belowhits_210612_0925.10401.cbin,/home/art/Documents/repos/coding/birdsong/tweetynet/data/BFSongRepository/learncurve/gr41rd51/spectrograms_generated_210521_212334/gr41rd51__3part_SYLc_th4191_belowhits_210612_0925.10401.cbin.spect.npz,/home/art/Documents/data/BFSongRepository/gr41rd51/062112/has_notmat_gaps_cleaned/gr41rd51__3part_SYLc_th4191_belowhits_210612_0925.10401.cbin.not.mat,notmat,17.208000000000002,0.002,train
/home/art/Documents/data/BFSongRepository/gr41rd51/062112/has_notmat_gaps_cleaned/gr41rd51__3part_SYLc_th4191_belowhits_210612_0928.10416.cbin,/home/art/Documents/repos/coding/birdsong/tweetynet/data/BFSongRepository/learncurve/gr41rd51/spectrograms_generated_210521_212334/gr41rd51__3part_SYLc_th4191_belowhits_210612_0928.10416.cbin.spect.npz,/home/art/Documents/data/BFSongRepository/gr41rd51/062112/has_notmat_gaps_cleaned/gr41rd51__3part_SYLc_th4191_belowhits_210612_0928.10416.cbin.not.mat,notmat,17.134,0.002,train
/home/art/Documents/data/BFSongRepository/gr41rd51/062112/has_notmat_gaps_cleaned/gr41rd51__3part_SYLc_th4191_belowhits_210612_0933.10453.cbin,/home/art/Documents/repos/coding/birdsong/tweetynet/data/BFSongRepository/learncurve/gr41rd51/spectrograms_generated_210521_212334/gr41rd51__3part_SYLc_th4191_belowhits_210612_0933.10453.cbin.spect.npz,/home/art/Documents/data/BFSongRepository/gr41rd51/062112/has_notmat_gaps_cleaned/gr41rd51__3part_SYLc_th4191_belowhits_210612_0933.10453.cbin.not.mat,notmat,12.286,0.002,None
/home/art/Documents/data/BFSongRepository/gr41rd51/062112/has_notmat_gaps_cleaned/gr41rd51__3part_SYLc_th4191_belowhits_210612_0934.10458.cbin,/home/art/Documents/repos/coding/birdsong/tweetynet/data/BFSongRepository/learncurve/gr41rd51/spectrograms_generated_210521_212334/gr41rd51__3part_SYLc_th4191_belowhits_210612_0934.10458.cbin.spect.npz,/home/art/Documents/data/BFSongRepository/gr41rd51/062112/has_notmat_gaps_cleaned/gr41rd51__3part_SYLc_th4191_belowhits_210612_0934.10458.cbin.not.mat,notmat,11.934000000000001,0.002,train
/home/art/Documents/data/BFSongRepository/gr41rd51/062112/has_notmat_gaps_cleaned/gr41rd51__3part_SYLc_th4191_belowhits_210612_0935.10462.cbin,/home/art/Documents/repos/coding/birdsong/tweetynet/data/BFSongRepository/learncurve/gr41rd51/spectrograms_generated_210521_212334/gr41rd51__3part_SYLc_th4191_belowhits_210612_0935.10462.cbin.spect.npz,/home/art/Documents/data/BFSongRepository/gr41rd51/062112/has_notmat_gaps_cleaned/gr41rd51__3part_SYLc_th4191_belowhits_210612_0935.10462.cbin.not.mat,notmat,13.588000000000001,0.002,train
/home/art/Documents/data/BFSongRepository/gr41rd51/062112/has_notmat_gaps_cleaned/gr41rd51__3part_SYLc_th4191_belowhits_210612_0939.10466.cbin,/home/art/Documents/repos/coding/birdsong/tweetynet/data/BFSongRepository/learncurve/gr41rd51/spectrograms_generated_210521_212334/gr41rd51__3part_SYLc_th4191_belowhits_210612_0939.10466.cbin.spect.npz,/home/art/Documents/data/BFSongRepository/gr41rd51/062112/has_notmat_gaps_cleaned/gr41rd51__3part_SYLc_th4191_belowhits_210612_0939.10466.cbin.not.mat,notmat,14.008000000000001,0.002,val
/home/art/Documents/data/BFSongRepository/gr41rd51/062112/has_notmat_gaps_cleaned/gr41rd51__3part_SYLc_th4191_belowhits_210612_0940.10467.cbin,/home/art/Documents/repos/coding/birdsong/tweetynet/data/BFSongRepository/learncurve/gr41rd51/spectrograms_generated_210521_212334/gr41rd51__3part_SYLc_th4191_belowhits_210612_0940.10467.cbin.spect.npz,/home/art/Documents/data/BFSongRepository/gr41rd51/062112/has_notmat_gaps_cleaned/gr41rd51__3part_SYLc_th4191_belowhits_210612_0940.10467.cbin.not.mat,notmat,10.308,0.002,None
/home/art/Documents/data/BFSongRepository/gr41rd51/062112/has_notmat_gaps_cleaned/gr41rd51__3part_SYLc_th4191_belowhits_210612_0940.10470.cbin,/home/art/Documents/repos/coding/birdsong/tweetynet/data/BFSongRepository/learncurve/gr41rd51/spectrograms_generated_210521_212334/gr41rd51__3part_SYLc_th4191_belowhits_210612_0940.10470.cbin.spect.npz,/home/art/Documents/data/BFSongRepository/gr41rd51/062112/has_notmat_gaps_cleaned/gr41rd51__3part_SYLc_th4191_belowhits_210612_0940.10470.cbin.not.mat,notmat,13.566,0.002,train
/home/art/Documents/data/BFSongRepository/gr41rd51/062112/has_notmat_gaps_cleaned/gr41rd51__3part_SYLc_th4191_belowhits_210612_0942.10474.cbin,/home/art/Documents/repos/coding/birdsong/tweetynet/data/BFSongRepository/learncurve/gr41rd51/spectrograms_generated_210521_212334/gr41rd51__3part_SYLc_th4191_belowhits_210612_0942.10474.cbin.spect.npz,/home/art/Documents/data/BFSongRepository/gr41rd51/062112/has_notmat_gaps_cleaned/gr41rd51__3part_SYLc_th4191_belowhits_210612_0942.10474.cbin.not.mat,notmat,14.734,0.002,test
/home/art/Documents/data/BFSongRepository/gr41rd51/062112/has_notmat_gaps_cleaned/gr41rd51__3part_SYLc_th4191_belowhits_210612_0943.10477.cbin,/home/art/Documents/repos/coding/birdsong/tweetynet/data/BFSongRepository/learncurve/gr41rd51/spectrograms_generated_210521_212334/gr41rd51__3part_SYLc_th4191_belowhits_210612_0943.10477.cbin.spect.npz,/home/art/Documents/data/BFSongRepository/gr41rd51/062112/has_notmat_gaps_cleaned/gr41rd51__3part_SYLc_th4191_belowhits_210612_0943.10477.cbin.not.mat,notmat,15.088000000000001,0.002,train
/home/art/Documents/data/BFSongRepository/gr41rd51/062112/has_notmat_gaps_cleaned/gr41rd51__3part_SYLc_th4191_belowhits_210612_0946.10506.cbin,/home/art/Documents/repos/coding/birdsong/tweetynet/data/BFSongRepository/learncurve/gr41rd51/spectrograms_generated_210521_212334/gr41rd51__3part_SYLc_th4191_belowhits_210612_0946.10506.cbin.spect.npz,/home/art/Documents/data/BFSongRepository/gr41rd51/062112/has_notmat_gaps_cleaned/gr41rd51__3part_SYLc_th4191_belowhits_210612_0946.10506.cbin.not.mat,notmat,13.452,0.002,None
/home/art/Documents/data/BFSongRepository/gr41rd51/062112/has_notmat_gaps_cleaned/gr41rd51__3part_SYLc_th4191_belowhits_210612_0948.10514.cbin,/home/art/Documents/repos/coding/birdsong/tweetynet/data/BFSongRepository/learncurve/gr41rd51/spectrograms_generated_210521_212334/gr41rd51__3part_SYLc_th4191_belowhits_210612_0948.10514.cbin.spect.npz,/home/art/Documents/data/BFSongRepository/gr41rd51/062112/has_notmat_gaps_cleaned/gr41rd51__3part_SYLc_th4191_belowhits_210612_0948.10514.cbin.not.mat,notmat,12.934000000000001,0.002,None
/home/art/Documents/data/BFSongRepository/gr41rd51/062112/has_notmat_gaps_cleaned/gr41rd51__3part_SYLc_th4191_belowhits_210612_0948.10520.cbin,/home/art/Documents/repos/coding/birdsong/tweetynet/data/BFSongRepository/learncurve/gr41rd51/spectrograms_generated_210521_212334/gr41rd51__3part_SYLc_th4191_belowhits_210612_0948.10520.cbin.spect.npz,/home/art/Documents/data/BFSongRepository/gr41rd51/062112/has_notmat_gaps_cleaned/gr41rd51__3part_SYLc_th4191_belowhits_210612_0948.10520.cbin.not.mat,notmat,8.918000000000001,0.002,val
/home/art/Documents/data/BFSongRepository/gr41rd51/062112/has_notmat_gaps_cleaned/gr41rd51__3part_SYLc_th4191_belowhits_210612_0949.10522.cbin,/home/art/Documents/repos/coding/birdsong/tweetynet/data/BFSongRepository/learncurve/gr41rd51/spectrograms_generated_210521_212334/gr41rd51__3part_SYLc_th4191_belowhits_210612_0949.10522.cbin.spect.npz,/home/art/Documents/data/BFSongRepository/gr41rd51/062112/has_notmat_gaps_cleaned/gr41rd51__3part_SYLc_th4191_belowhits_210612_0949.10522.cbin.not.mat,notmat,10.796,0.002,None
/home/art/Documents/data/BFSongRepository/gr41rd51/062112/has_notmat_gaps_cleaned/gr41rd51__3part_SYLc_th4191_belowhits_210612_0950.10527.cbin,/home/art/Documents/repos/coding/birdsong/tweetynet/data/BFSongRepository/learncurve/gr41rd51/spectrograms_generated_210521_212334/gr41rd51__3part_SYLc_th4191_belowhits_210612_0950.10527.cbin.spect.npz,/home/art/Documents/data/BFSongRepository/gr41rd51/062112/has_notmat_gaps_cleaned/gr41rd51__3part_SYLc_th4191_belowhits_210612_0950.10527.cbin.not.mat,notmat,12.486,0.002,train
/home/art/Documents/data/BFSongRepository/gr41rd51/062112/has_notmat_gaps_cleaned/gr41rd51__3part_SYLc_th4191_belowhits_210612_0952.10542.cbin,/home/art/Documents/repos/coding/birdsong/tweetynet/data/BFSongRepository/learncurve/gr41rd51/spectrograms_generated_210521_212334/gr41rd51__3part_SYLc_th4191_belowhits_210612_0952.10542.cbin.spect.npz,/home/art/Documents/data/BFSongRepository/gr41rd51/062112/has_notmat_gaps_cleaned/gr41rd51__3part_SYLc_th4191_belowhits_210612_0952.10542.cbin.not.mat,notmat,18.142,0.002,None
/home/art/Documents/data/BFSongRepository/gr41rd51/062112/has_notmat_gaps_cleaned/gr41rd51__3part_SYLc_th4191_belowhits_210612_0953.10546.cbin,/home/art/Documents/repos/coding/birdsong/tweetynet/data/BFSongRepository/learncurve/gr41rd51/spectrograms_generated_210521_212334/gr41rd51__3part_SYLc_th4191_belowhits_210612_0953.10546.cbin.spect.npz,/home/art/Documents/data/BFSongRepository/gr41rd51/062112/has_notmat_gaps_cleaned/gr41rd51__3part_SYLc_th4191_belowhits_210612_0953.10546.cbin.not.mat,notmat,11.268,0.002,train
/home/art/Documents/data/BFSongRepository/gr41rd51/062112/has_notmat_gaps_cleaned/gr41rd51__3part_SYLc_th4191_belowhits_210612_0953.10552.cbin,/home/art/Documents/repos/coding/birdsong/tweetynet/data/BFSongRepository/learncurve/gr41rd51/spectrograms_generated_210521_212334/gr41rd51__3part_SYLc_th4191_belowhits_210612_0953.10552.cbin.spect.npz,/home/art/Documents/data/BFSongRepository/gr41rd51/062112/has_notmat_gaps_cleaned/gr41rd51__3part_SYLc_th4191_belowhits_210612_0953.10552.cbin.not.mat,notmat,13.36,0.002,None
/home/art/Documents/data/BFSongRepository/gr41rd51/062112/has_notmat_gaps_cleaned/gr41rd51__3part_SYLc_th4191_belowhits_210612_0954.10554.cbin,/home/art/Documents/repos/coding/birdsong/tweetynet/data/BFSongRepository/learncurve/gr41rd51/spectrograms_generated_210521_212334/gr41rd51__3part_SYLc_th4191_belowhits_210612_0954.10554.cbin.spect.npz,/home/art/Documents/data/BFSongRepository/gr41rd51/062112/has_notmat_gaps_cleaned/gr41rd51__3part_SYLc_th4191_belowhits_210612_0954.10554.cbin.not.mat,notmat,11.758000000000001,0.002,test
/home/art/Documents/data/BFSongRepository/gr41rd51/062112/has_notmat_gaps_cleaned/gr41rd51__3part_SYLc_th4191_belowhits_210612_0954.10557.cbin,/home/art/Documents/repos/coding/birdsong/tweetynet/data/BFSongRepository/learncurve/gr41rd51/spectrograms_generated_210521_212334/gr41rd51__3part_SYLc_th4191_belowhits_210612_0954.10557.cbin.spect.npz,/home/art/Documents/data/BFSongRepository/gr41rd51/062112/has_notmat_gaps_cleaned/gr41rd51__3part_SYLc_th4191_belowhits_210612_0954.10557.cbin.not.mat,notmat,9.076,0.002,None
/home/art/Documents/data/BFSongRepository/gr41rd51/062112/has_notmat_gaps_cleaned/gr41rd51__3part_SYLc_th4191_belowhits_210612_0954.10560.cbin,/home/art/Documents/repos/coding/birdsong/tweetynet/data/BFSongRepository/learncurve/gr41rd51/spectrograms_generated_210521_212334/gr41rd51__3part_SYLc_th4191_belowhits_210612_0954.10560.cbin.spect.npz,/home/art/Documents/data/BFSongRepository/gr41rd51/062112/has_notmat_gaps_cleaned/gr41rd51__3part_SYLc_th4191_belowhits_210612_0954.10560.cbin.not.mat,notmat,11.846,0.002,train
/home/art/Documents/data/BFSongRepository/gr41rd51/062112/has_notmat_gaps_cleaned/gr41rd51__3part_SYLc_th4191_belowhits_210612_0955.10564.cbin,/home/art/Documents/repos/coding/birdsong/tweetynet/data/BFSongRepository/learncurve/gr41rd51/spectrograms_generated_210521_212334/gr41rd51__3part_SYLc_th4191_belowhits_210612_0955.10564.cbin.spect.npz,/home/art/Documents/data/BFSongRepository/gr41rd51/062112/has_notmat_gaps_cleaned/gr41rd51__3part_SYLc_th4191_belowhits_210612_0955.10564.cbin.not.mat,notmat,11.694,0.002,None
/home/art/Documents/data/BFSongRepository/gr41rd51/062112/has_notmat_gaps_cleaned/gr41rd51__3part_SYLc_th4191_belowhits_210612_0955.10567.cbin,/home/art/Documents/repos/coding/birdsong/tweetynet/data/BFSongRepository/learncurve/gr41rd51/spectrograms_generated_210521_212334/gr41rd51__3part_SYLc_th4191_belowhits_210612_0955.10567.cbin.spect.npz,/home/art/Documents/data/BFSongRepository/gr41rd51/062112/has_notmat_gaps_cleaned/gr41rd51__3part_SYLc_th4191_belowhits_210612_0955.10567.cbin.not.mat,notmat,14.588000000000001,0.002,None
/home/art/Documents/data/BFSongRepository/gr41rd51/062112/has_notmat_gaps_cleaned/gr41rd51__3part_SYLc_th4191_belowhits_210612_0957.10580.cbin,/home/art/Documents/repos/coding/birdsong/tweetynet/data/BFSongRepository/learncurve/gr41rd51/spectrograms_generated_210521_212334/gr41rd51__3part_SYLc_th4191_belowhits_210612_0957.10580.cbin.spect.npz,/home/art/Documents/data/BFSongRepository/gr41rd51/062112/has_notmat_gaps_cleaned/gr41rd51__3part_SYLc_th4191_belowhits_210612_0957.10580.cbin.not.mat,notmat,13.5,0.002,test
/home/art/Documents/data/BFSongRepository/gr41rd51/062112/has_notmat_gaps_cleaned/gr41rd51__3part_SYLc_th4191_belowhits_210612_0959.10594.cbin,/home/art/Documents/repos/coding/birdsong/tweetynet/data/BFSongRepository/learncurve/gr41rd51/spectrograms_generated_210521_212334/gr41rd51__3part_SYLc_th4191_belowhits_210612_0959.10594.cbin.spect.npz,/home/art/Documents/data/BFSongRepository/gr41rd51/062112/has_notmat_gaps_cleaned/gr41rd51__3part_SYLc_th4191_belowhits_210612_0959.10594.cbin.not.mat,notmat,9.954,0.002,train
/home/art/Documents/data/BFSongRepository/gr41rd51/062112/has_notmat_gaps_cleaned/gr41rd51__3part_SYLc_th4191_belowhits_210612_1000.10595.cbin,/home/art/Documents/repos/coding/birdsong/tweetynet/data/BFSongRepository/learncurve/gr41rd51/spectrograms_generated_210521_212334/gr41rd51__3part_SYLc_th4191_belowhits_210612_1000.10595.cbin.spect.npz,/home/art/Documents/data/BFSongRepository/gr41rd51/062112/has_notmat_gaps_cleaned/gr41rd51__3part_SYLc_th4191_belowhits_210612_1000.10595.cbin.not.mat,notmat,13.662,0.002,train
/home/art/Documents/data/BFSongRepository/gr41rd51/062112/has_notmat_gaps_cleaned/gr41rd51__3part_SYLc_th4191_belowhits_210612_1000.10599.cbin,/home/art/Documents/repos/coding/birdsong/tweetynet/data/BFSongRepository/learncurve/gr41rd51/spectrograms_generated_210521_212334/gr41rd51__3part_SYLc_th4191_belowhits_210612_1000.10599.cbin.spect.npz,/home/art/Documents/data/BFSongRepository/gr41rd51/062112/has_notmat_gaps_cleaned/gr41rd51__3part_SYLc_th4191_belowhits_210612_1000.10599.cbin.not.mat,notmat,11.648,0.002,train
/home/art/Documents/data/BFSongRepository/gr41rd51/062112/has_notmat_gaps_cleaned/gr41rd51__3part_SYLc_th4191_belowhits_210612_1001.10604.cbin,/home/art/Documents/repos/coding/birdsong/tweetynet/data/BFSongRepository/learncurve/gr41rd51/spectrograms_generated_210521_212334/gr41rd51__3part_SYLc_th4191_belowhits_210612_1001.10604.cbin.spect.npz,/home/art/Documents/data/BFSongRepository/gr41rd51/062112/has_notmat_gaps_cleaned/gr41rd51__3part_SYLc_th4191_belowhits_210612_1001.10604.cbin.not.mat,notmat,10.106,0.002,val
/home/art/Documents/data/BFSongRepository/gr41rd51/062112/has_notmat_gaps_cleaned/gr41rd51__3part_SYLc_th4191_belowhits_210612_1002.10612.cbin,/home/art/Documents/repos/coding/birdsong/tweetynet/data/BFSongRepository/learncurve/gr41rd51/spectrograms_generated_210521_212334/gr41rd51__3part_SYLc_th4191_belowhits_210612_1002.10612.cbin.spect.npz,/home/art/Documents/data/BFSongRepository/gr41rd51/062112/has_notmat_gaps_cleaned/gr41rd51__3part_SYLc_th4191_belowhits_210612_1002.10612.cbin.not.mat,notmat,17.152,0.002,test
/home/art/Documents/data/BFSongRepository/gr41rd51/062112/has_notmat_gaps_cleaned/gr41rd51__3part_SYLc_th4191_belowhits_210612_1005.10633.cbin,/home/art/Documents/repos/coding/birdsong/tweetynet/data/BFSongRepository/learncurve/gr41rd51/spectrograms_generated_210521_212334/gr41rd51__3part_SYLc_th4191_belowhits_210612_1005.10633.cbin.spect.npz,/home/art/Documents/data/BFSongRepository/gr41rd51/062112/has_notmat_gaps_cleaned/gr41rd51__3part_SYLc_th4191_belowhits_210612_1005.10633.cbin.not.mat,notmat,43.872,0.002,test
/home/art/Documents/data/BFSongRepository/gr41rd51/062112/has_notmat_gaps_cleaned/gr41rd51__3part_SYLc_th4191_belowhits_210612_1008.10649.cbin,/home/art/Documents/repos/coding/birdsong/tweetynet/data/BFSongRepository/learncurve/gr41rd51/spectrograms_generated_210521_212334/gr41rd51__3part_SYLc_th4191_belowhits_210612_1008.10649.cbin.spect.npz,/home/art/Documents/data/BFSongRepository/gr41rd51/062112/has_notmat_gaps_cleaned/gr41rd51__3part_SYLc_th4191_belowhits_210612_1008.10649.cbin.not.mat,notmat,13.48,0.002,train
/home/art/Documents/data/BFSongRepository/gr41rd51/062112/has_notmat_gaps_cleaned/gr41rd51__3part_SYLc_th4191_belowhits_210612_1008.10651.cbin,/home/art/Documents/repos/coding/birdsong/tweetynet/data/BFSongRepository/learncurve/gr41rd51/spectrograms_generated_210521_212334/gr41rd51__3part_SYLc_th4191_belowhits_210612_1008.10651.cbin.spect.npz,/home/art/Documents/data/BFSongRepository/gr41rd51/062112/has_notmat_gaps_cleaned/gr41rd51__3part_SYLc_th4191_belowhits_210612_1008.10651.cbin.not.mat,notmat,14.72,0.002,None
/home/art/Documents/data/BFSongRepository/gr41rd51/062112/has_notmat_gaps_cleaned/gr41rd51__3part_SYLc_th4191_belowhits_210612_1009.10652.cbin,/home/art/Documents/repos/coding/birdsong/tweetynet/data/BFSongRepository/learncurve/gr41rd51/spectrograms_generated_210521_212334/gr41rd51__3part_SYLc_th4191_belowhits_210612_1009.10652.cbin.spect.npz,/home/art/Documents/data/BFSongRepository/gr41rd51/062112/has_notmat_gaps_cleaned/gr41rd51__3part_SYLc_th4191_belowhits_210612_1009.10652.cbin.not.mat,notmat,14.974,0.002,None
/home/art/Documents/data/BFSongRepository/gr41rd51/062112/has_notmat_gaps_cleaned/gr41rd51__3part_SYLc_th4191_belowhits_210612_1009.10654.cbin,/home/art/Documents/repos/coding/birdsong/tweetynet/data/BFSongRepository/learncurve/gr41rd51/spectrograms_generated_210521_212334/gr41rd51__3part_SYLc_th4191_belowhits_210612_1009.10654.cbin.spect.npz,/home/art/Documents/data/BFSongRepository/gr41rd51/062112/has_notmat_gaps_cleaned/gr41rd51__3part_SYLc_th4191_belowhits_210612_1009.10654.cbin.not.mat,notmat,12.192,0.002,None
/home/art/Documents/data/BFSongRepository/gr41rd51/062112/has_notmat_gaps_cleaned/gr41rd51__3part_SYLc_th4191_belowhits_210612_1010.10659.cbin,/home/art/Documents/repos/coding/birdsong/tweetynet/data/BFSongRepository/learncurve/gr41rd51/spectrograms_generated_210521_212334/gr41rd51__3part_SYLc_th4191_belowhits_210612_1010.10659.cbin.spect.npz,/home/art/Documents/data/BFSongRepository/gr41rd51/062112/has_notmat_gaps_cleaned/gr41rd51__3part_SYLc_th4191_belowhits_210612_1010.10659.cbin.not.mat,notmat,20.81,0.002,train
/home/art/Documents/data/BFSongRepository/gr41rd51/062112/has_notmat_gaps_cleaned/gr41rd51__3part_SYLc_th4191_belowhits_210612_1011.10666.cbin,/home/art/Documents/repos/coding/birdsong/tweetynet/data/BFSongRepository/learncurve/gr41rd51/spectrograms_generated_210521_212334/gr41rd51__3part_SYLc_th4191_belowhits_210612_1011.10666.cbin.spect.npz,/home/art/Documents/data/BFSongRepository/gr41rd51/062112/has_notmat_gaps_cleaned/gr41rd51__3part_SYLc_th4191_belowhits_210612_1011.10666.cbin.not.mat,notmat,13.8,0.002,None
/home/art/Documents/data/BFSongRepository/gr41rd51/062112/has_notmat_gaps_cleaned/gr41rd51__3part_SYLc_th4191_belowhits_210612_1012.10678.cbin,/home/art/Documents/repos/coding/birdsong/tweetynet/data/BFSongRepository/learncurve/gr41rd51/spectrograms_generated_210521_212334/gr41rd51__3part_SYLc_th4191_belowhits_210612_1012.10678.cbin.spect.npz,/home/art/Documents/data/BFSongRepository/gr41rd51/062112/has_notmat_gaps_cleaned/gr41rd51__3part_SYLc_th4191_belowhits_210612_1012.10678.cbin.not.mat,notmat,14.042,0.002,train
/home/art/Documents/data/BFSongRepository/gr41rd51/062112/has_notmat_gaps_cleaned/gr41rd51__3part_SYLc_th4191_belowhits_210612_1013.10681.cbin,/home/art/Documents/repos/coding/birdsong/tweetynet/data/BFSongRepository/learncurve/gr41rd51/spectrograms_generated_210521_212334/gr41rd51__3part_SYLc_th4191_belowhits_210612_1013.10681.cbin.spect.npz,/home/art/Documents/data/BFSongRepository/gr41rd51/062112/has_notmat_gaps_cleaned/gr41rd51__3part_SYLc_th4191_belowhits_210612_1013.10681.cbin.not.mat,notmat,11.362,0.002,train
/home/art/Documents/data/BFSongRepository/gr41rd51/062112/has_notmat_gaps_cleaned/gr41rd51__3part_SYLc_th4191_belowhits_210612_1013.10684.cbin,/home/art/Documents/repos/coding/birdsong/tweetynet/data/BFSongRepository/learncurve/gr41rd51/spectrograms_generated_210521_212334/gr41rd51__3part_SYLc_th4191_belowhits_210612_1013.10684.cbin.spect.npz,/home/art/Documents/data/BFSongRepository/gr41rd51/062112/has_notmat_gaps_cleaned/gr41rd51__3part_SYLc_th4191_belowhits_210612_1013.10684.cbin.not.mat,notmat,13.346,0.002,train
/home/art/Documents/data/BFSongRepository/gr41rd51/062112/has_notmat_gaps_cleaned/gr41rd51__3part_SYLc_th4191_belowhits_210612_1014.10687.cbin,/home/art/Documents/repos/coding/birdsong/tweetynet/data/BFSongRepository/learncurve/gr41rd51/spectrograms_generated_210521_212334/gr41rd51__3part_SYLc_th4191_belowhits_210612_1014.10687.cbin.spect.npz,/home/art/Documents/data/BFSongRepository/gr41rd51/062112/has_notmat_gaps_cleaned/gr41rd51__3part_SYLc_th4191_belowhits_210612_1014.10687.cbin.not.mat,notmat,14.766,0.002,test
/home/art/Documents/data/BFSongRepository/gr41rd51/062112/has_notmat_gaps_cleaned/gr41rd51__3part_SYLc_th4191_belowhits_210612_1014.10689.cbin,/home/art/Documents/repos/coding/birdsong/tweetynet/data/BFSongRepository/learncurve/gr41rd51/spectrograms_generated_210521_212334/gr41rd51__3part_SYLc_th4191_belowhits_210612_1014.10689.cbin.spect.npz,/home/art/Documents/data/BFSongRepository/gr41rd51/062112/has_notmat_gaps_cleaned/gr41rd51__3part_SYLc_th4191_belowhits_210612_1014.10689.cbin.not.mat,notmat,13.346,0.002,test
/home/art/Documents/data/BFSongRepository/gr41rd51/062112/has_notmat_gaps_cleaned/gr41rd51__3part_SYLc_th4191_belowhits_210612_1017.10700.cbin,/home/art/Documents/repos/coding/birdsong/tweetynet/data/BFSongRepository/learncurve/gr41rd51/spectrograms_generated_210521_212334/gr41rd51__3part_SYLc_th4191_belowhits_210612_1017.10700.cbin.spect.npz,/home/art/Documents/data/BFSongRepository/gr41rd51/062112/has_notmat_gaps_cleaned/gr41rd51__3part_SYLc_th4191_belowhits_210612_1017.10700.cbin.not.mat,notmat,11.678,0.002,train
/home/art/Documents/data/BFSongRepository/gr41rd51/062112/has_notmat_gaps_cleaned/gr41rd51__3part_SYLc_th4191_belowhits_210612_1024.10758.cbin,/home/art/Documents/repos/coding/birdsong/tweetynet/data/BFSongRepository/learncurve/gr41rd51/spectrograms_generated_210521_212334/gr41rd51__3part_SYLc_th4191_belowhits_210612_1024.10758.cbin.spect.npz,/home/art/Documents/data/BFSongRepository/gr41rd51/062112/has_notmat_gaps_cleaned/gr41rd51__3part_SYLc_th4191_belowhits_210612_1024.10758.cbin.not.mat,notmat,10.066,0.002,test
/home/art/Documents/data/BFSongRepository/gr41rd51/062112/has_notmat_gaps_cleaned/gr41rd51__3part_SYLc_th4191_belowhits_210612_1024.10763.cbin,/home/art/Documents/repos/coding/birdsong/tweetynet/data/BFSongRepository/learncurve/gr41rd51/spectrograms_generated_210521_212334/gr41rd51__3part_SYLc_th4191_belowhits_210612_1024.10763.cbin.spect.npz,/home/art/Documents/data/BFSongRepository/gr41rd51/062112/has_notmat_gaps_cleaned/gr41rd51__3part_SYLc_th4191_belowhits_210612_1024.10763.cbin.not.mat,notmat,13.674,0.002,None
/home/art/Documents/data/BFSongRepository/gr41rd51/062112/has_notmat_gaps_cleaned/gr41rd51__3part_SYLc_th4191_belowhits_210612_1031.10822.cbin,/home/art/Documents/repos/coding/birdsong/tweetynet/data/BFSongRepository/learncurve/gr41rd51/spectrograms_generated_210521_212334/gr41rd51__3part_SYLc_th4191_belowhits_210612_1031.10822.cbin.spect.npz,/home/art/Documents/data/BFSongRepository/gr41rd51/062112/has_notmat_gaps_cleaned/gr41rd51__3part_SYLc_th4191_belowhits_210612_1031.10822.cbin.not.mat,notmat,13.040000000000001,0.002,train
/home/art/Documents/data/BFSongRepository/gr41rd51/062112/has_notmat_gaps_cleaned/gr41rd51__3part_SYLc_th4191_belowhits_210612_1033.10831.cbin,/home/art/Documents/repos/coding/birdsong/tweetynet/data/BFSongRepository/learncurve/gr41rd51/spectrograms_generated_210521_212334/gr41rd51__3part_SYLc_th4191_belowhits_210612_1033.10831.cbin.spect.npz,/home/art/Documents/data/BFSongRepository/gr41rd51/062112/has_notmat_gaps_cleaned/gr41rd51__3part_SYLc_th4191_belowhits_210612_1033.10831.cbin.not.mat,notmat,15.408,0.002,train
/home/art/Documents/data/BFSongRepository/gr41rd51/062112/has_notmat_gaps_cleaned/gr41rd51__3part_SYLc_th4191_belowhits_210612_1033.10833.cbin,/home/art/Documents/repos/coding/birdsong/tweetynet/data/BFSongRepository/learncurve/gr41rd51/spectrograms_generated_210521_212334/gr41rd51__3part_SYLc_th4191_belowhits_210612_1033.10833.cbin.spect.npz,/home/art/Documents/data/BFSongRepository/gr41rd51/062112/has_notmat_gaps_cleaned/gr41rd51__3part_SYLc_th4191_belowhits_210612_1033.10833.cbin.not.mat,notmat,10.252,0.002,test
/home/art/Documents/data/BFSongRepository/gr41rd51/062112/has_notmat_gaps_cleaned/gr41rd51__3part_SYLc_th4191_belowhits_210612_1034.10835.cbin,/home/art/Documents/repos/coding/birdsong/tweetynet/data/BFSongRepository/learncurve/gr41rd51/spectrograms_generated_210521_212334/gr41rd51__3part_SYLc_th4191_belowhits_210612_1034.10835.cbin.spect.npz,/home/art/Documents/data/BFSongRepository/gr41rd51/062112/has_notmat_gaps_cleaned/gr41rd51__3part_SYLc_th4191_belowhits_210612_1034.10835.cbin.not.mat,notmat,11.254,0.002,None
/home/art/Documents/data/BFSongRepository/gr41rd51/062112/has_notmat_gaps_cleaned/gr41rd51__3part_SYLc_th4191_belowhits_210612_1034.10836.cbin,/home/art/Documents/repos/coding/birdsong/tweetynet/data/BFSongRepository/learncurve/gr41rd51/spectrograms_generated_210521_212334/gr41rd51__3part_SYLc_th4191_belowhits_210612_1034.10836.cbin.spect.npz,/home/art/Documents/data/BFSongRepository/gr41rd51/062112/has_notmat_gaps_cleaned/gr41rd51__3part_SYLc_th4191_belowhits_210612_1034.10836.cbin.not.mat,notmat,11.888,0.002,train
/home/art/Documents/data/BFSongRepository/gr41rd51/062112/has_notmat_gaps_cleaned/gr41rd51__3part_SYLc_th4191_belowhits_210612_1035.10840.cbin,/home/art/Documents/repos/coding/birdsong/tweetynet/data/BFSongRepository/learncurve/gr41rd51/spectrograms_generated_210521_212334/gr41rd51__3part_SYLc_th4191_belowhits_210612_1035.10840.cbin.spect.npz,/home/art/Documents/data/BFSongRepository/gr41rd51/062112/has_notmat_gaps_cleaned/gr41rd51__3part_SYLc_th4191_belowhits_210612_1035.10840.cbin.not.mat,notmat,15.834,0.002,test
/home/art/Documents/data/BFSongRepository/gr41rd51/062112/has_notmat_gaps_cleaned/gr41rd51__3part_SYLc_th4191_belowhits_210612_1036.10843.cbin,/home/art/Documents/repos/coding/birdsong/tweetynet/data/BFSongRepository/learncurve/gr41rd51/spectrograms_generated_210521_212334/gr41rd51__3part_SYLc_th4191_belowhits_210612_1036.10843.cbin.spect.npz,/home/art/Documents/data/BFSongRepository/gr41rd51/062112/has_notmat_gaps_cleaned/gr41rd51__3part_SYLc_th4191_belowhits_210612_1036.10843.cbin.not.mat,notmat,9.958,0.002,None
/home/art/Documents/data/BFSongRepository/gr41rd51/062112/has_notmat_gaps_cleaned/gr41rd51__3part_SYLc_th4191_belowhits_210612_1037.10844.cbin,/home/art/Documents/repos/coding/birdsong/tweetynet/data/BFSongRepository/learncurve/gr41rd51/spectrograms_generated_210521_212334/gr41rd51__3part_SYLc_th4191_belowhits_210612_1037.10844.cbin.spect.npz,/home/art/Documents/data/BFSongRepository/gr41rd51/062112/has_notmat_gaps_cleaned/gr41rd51__3part_SYLc_th4191_belowhits_210612_1037.10844.cbin.not.mat,notmat,10.584,0.002,test
/home/art/Documents/data/BFSongRepository/gr41rd51/062112/has_notmat_gaps_cleaned/gr41rd51__3part_SYLc_th4191_belowhits_210612_1037.10846.cbin,/home/art/Documents/repos/coding/birdsong/tweetynet/data/BFSongRepository/learncurve/gr41rd51/spectrograms_generated_210521_212334/gr41rd51__3part_SYLc_th4191_belowhits_210612_1037.10846.cbin.spect.npz,/home/art/Documents/data/BFSongRepository/gr41rd51/062112/has_notmat_gaps_cleaned/gr41rd51__3part_SYLc_th4191_belowhits_210612_1037.10846.cbin.not.mat,notmat,8.972,0.002,val
/home/art/Documents/data/BFSongRepository/gr41rd51/062112/has_notmat_gaps_cleaned/gr41rd51__3part_SYLc_th4191_belowhits_210612_1037.10848.cbin,/home/art/Documents/repos/coding/birdsong/tweetynet/data/BFSongRepository/learncurve/gr41rd51/spectrograms_generated_210521_212334/gr41rd51__3part_SYLc_th4191_belowhits_210612_1037.10848.cbin.spect.npz,/home/art/Documents/data/BFSongRepository/gr41rd51/062112/has_notmat_gaps_cleaned/gr41rd51__3part_SYLc_th4191_belowhits_210612_1037.10848.cbin.not.mat,notmat,11.916,0.002,train
/home/art/Documents/data/BFSongRepository/gr41rd51/062112/has_notmat_gaps_cleaned/gr41rd51__3part_SYLc_th4191_belowhits_210612_1038.10851.cbin,/home/art/Documents/repos/coding/birdsong/tweetynet/data/BFSongRepository/learncurve/gr41rd51/spectrograms_generated_210521_212334/gr41rd51__3part_SYLc_th4191_belowhits_210612_1038.10851.cbin.spect.npz,/home/art/Documents/data/BFSongRepository/gr41rd51/062112/has_notmat_gaps_cleaned/gr41rd51__3part_SYLc_th4191_belowhits_210612_1038.10851.cbin.not.mat,notmat,12.904,0.002,test
/home/art/Documents/data/BFSongRepository/gr41rd51/062112/has_notmat_gaps_cleaned/gr41rd51__3part_SYLc_th4191_belowhits_210612_1039.10853.cbin,/home/art/Documents/repos/coding/birdsong/tweetynet/data/BFSongRepository/learncurve/gr41rd51/spectrograms_generated_210521_212334/gr41rd51__3part_SYLc_th4191_belowhits_210612_1039.10853.cbin.spect.npz,/home/art/Documents/data/BFSongRepository/gr41rd51/062112/has_notmat_gaps_cleaned/gr41rd51__3part_SYLc_th4191_belowhits_210612_1039.10853.cbin.not.mat,notmat,15.796000000000001,0.002,None
/home/art/Documents/data/BFSongRepository/gr41rd51/062112/has_notmat_gaps_cleaned/gr41rd51__3part_SYLc_th4191_belowhits_210612_1041.10858.cbin,/home/art/Documents/repos/coding/birdsong/tweetynet/data/BFSongRepository/learncurve/gr41rd51/spectrograms_generated_210521_212334/gr41rd51__3part_SYLc_th4191_belowhits_210612_1041.10858.cbin.spect.npz,/home/art/Documents/data/BFSongRepository/gr41rd51/062112/has_notmat_gaps_cleaned/gr41rd51__3part_SYLc_th4191_belowhits_210612_1041.10858.cbin.not.mat,notmat,14.444,0.002,None
/home/art/Documents/data/BFSongRepository/gr41rd51/062112/has_notmat_gaps_cleaned/gr41rd51__3part_SYLc_th4191_belowhits_210612_1042.10861.cbin,/home/art/Documents/repos/coding/birdsong/tweetynet/data/BFSongRepository/learncurve/gr41rd51/spectrograms_generated_210521_212334/gr41rd51__3part_SYLc_th4191_belowhits_210612_1042.10861.cbin.spect.npz,/home/art/Documents/data/BFSongRepository/gr41rd51/062112/has_notmat_gaps_cleaned/gr41rd51__3part_SYLc_th4191_belowhits_210612_1042.10861.cbin.not.mat,notmat,12.926,0.002,None
/home/art/Documents/data/BFSongRepository/gr41rd51/062112/has_notmat_gaps_cleaned/gr41rd51__3part_SYLc_th4191_belowhits_210612_1042.10862.cbin,/home/art/Documents/repos/coding/birdsong/tweetynet/data/BFSongRepository/learncurve/gr41rd51/spectrograms_generated_210521_212334/gr41rd51__3part_SYLc_th4191_belowhits_210612_1042.10862.cbin.spect.npz,/home/art/Documents/data/BFSongRepository/gr41rd51/062112/has_notmat_gaps_cleaned/gr41rd51__3part_SYLc_th4191_belowhits_210612_1042.10862.cbin.not.mat,notmat,10.120000000000001,0.002,None
/home/art/Documents/data/BFSongRepository/gr41rd51/062112/has_notmat_gaps_cleaned/gr41rd51__3part_SYLc_th4191_belowhits_210612_1043.10863.cbin,/home/art/Documents/repos/coding/birdsong/tweetynet/data/BFSongRepository/learncurve/gr41rd51/spectrograms_generated_210521_212334/gr41rd51__3part_SYLc_th4191_belowhits_210612_1043.10863.cbin.spect.npz,/home/art/Documents/data/BFSongRepository/gr41rd51/062112/has_notmat_gaps_cleaned/gr41rd51__3part_SYLc_th4191_belowhits_210612_1043.10863.cbin.not.mat,notmat,12.854000000000001,0.002,test
/home/art/Documents/data/BFSongRepository/gr41rd51/062112/has_notmat_gaps_cleaned/gr41rd51__3part_SYLc_th4191_belowhits_210612_1043.10865.cbin,/home/art/Documents/repos/coding/birdsong/tweetynet/data/BFSongRepository/learncurve/gr41rd51/spectrograms_generated_210521_212334/gr41rd51__3part_SYLc_th4191_belowhits_210612_1043.10865.cbin.spect.npz,/home/art/Documents/data/BFSongRepository/gr41rd51/062112/has_notmat_gaps_cleaned/gr41rd51__3part_SYLc_th4191_belowhits_210612_1043.10865.cbin.not.mat,notmat,11.126,0.002,None
/home/art/Documents/data/BFSongRepository/gr41rd51/062112/has_notmat_gaps_cleaned/gr41rd51__3part_SYLc_th4191_belowhits_210612_1044.10866.cbin,/home/art/Documents/repos/coding/birdsong/tweetynet/data/BFSongRepository/learncurve/gr41rd51/spectrograms_generated_210521_212334/gr41rd51__3part_SYLc_th4191_belowhits_210612_1044.10866.cbin.spect.npz,/home/art/Documents/data/BFSongRepository/gr41rd51/062112/has_notmat_gaps_cleaned/gr41rd51__3part_SYLc_th4191_belowhits_210612_1044.10866.cbin.not.mat,notmat,11.804,0.002,test
/home/art/Documents/data/BFSongRepository/gr41rd51/062112/has_notmat_gaps_cleaned/gr41rd51__3part_SYLc_th4191_belowhits_210612_1045.10867.cbin,/home/art/Documents/repos/coding/birdsong/tweetynet/data/BFSongRepository/learncurve/gr41rd51/spectrograms_generated_210521_212334/gr41rd51__3part_SYLc_th4191_belowhits_210612_1045.10867.cbin.spect.npz,/home/art/Documents/data/BFSongRepository/gr41rd51/062112/has_notmat_gaps_cleaned/gr41rd51__3part_SYLc_th4191_belowhits_210612_1045.10867.cbin.not.mat,notmat,11.558,0.002,test
/home/art/Documents/data/BFSongRepository/gr41rd51/062112/has_notmat_gaps_cleaned/gr41rd51__3part_SYLc_th4191_belowhits_210612_1052.10920.cbin,/home/art/Documents/repos/coding/birdsong/tweetynet/data/BFSongRepository/learncurve/gr41rd51/spectrograms_generated_210521_212334/gr41rd51__3part_SYLc_th4191_belowhits_210612_1052.10920.cbin.spect.npz,/home/art/Documents/data/BFSongRepository/gr41rd51/062112/has_notmat_gaps_cleaned/gr41rd51__3part_SYLc_th4191_belowhits_210612_1052.10920.cbin.not.mat,notmat,21.358,0.002,train
/home/art/Documents/data/BFSongRepository/gr41rd51/062112/has_notmat_gaps_cleaned/gr41rd51__3part_SYLc_th4191_belowhits_210612_1055.10951.cbin,/home/art/Documents/repos/coding/birdsong/tweetynet/data/BFSongRepository/learncurve/gr41rd51/spectrograms_generated_210521_212334/gr41rd51__3part_SYLc_th4191_belowhits_210612_1055.10951.cbin.spect.npz,/home/art/Documents/data/BFSongRepository/gr41rd51/062112/has_notmat_gaps_cleaned/gr41rd51__3part_SYLc_th4191_belowhits_210612_1055.10951.cbin.not.mat,notmat,10.51,0.002,train
/home/art/Documents/data/BFSongRepository/gr41rd51/062112/has_notmat_gaps_cleaned/gr41rd51__3part_SYLc_th4191_belowhits_210612_1056.10958.cbin,/home/art/Documents/repos/coding/birdsong/tweetynet/data/BFSongRepository/learncurve/gr41rd51/spectrograms_generated_210521_212334/gr41rd51__3part_SYLc_th4191_belowhits_210612_1056.10958.cbin.spect.npz,/home/art/Documents/data/BFSongRepository/gr41rd51/062112/has_notmat_gaps_cleaned/gr41rd51__3part_SYLc_th4191_belowhits_210612_1056.10958.cbin.not.mat,notmat,11.726,0.002,train
/home/art/Documents/data/BFSongRepository/gr41rd51/062112/has_notmat_gaps_cleaned/gr41rd51__3part_SYLc_th4191_belowhits_210612_1057.10970.cbin,/home/art/Documents/repos/coding/birdsong/tweetynet/data/BFSongRepository/learncurve/gr41rd51/spectrograms_generated_210521_212334/gr41rd51__3part_SYLc_th4191_belowhits_210612_1057.10970.cbin.spect.npz,/home/art/Documents/data/BFSongRepository/gr41rd51/062112/has_notmat_gaps_cleaned/gr41rd51__3part_SYLc_th4191_belowhits_210612_1057.10970.cbin.not.mat,notmat,14.378,0.002,train
/home/art/Documents/data/BFSongRepository/gr41rd51/062112/has_notmat_gaps_cleaned/gr41rd51__3part_SYLc_th4191_belowhits_210612_1058.10971.cbin,/home/art/Documents/repos/coding/birdsong/tweetynet/data/BFSongRepository/learncurve/gr41rd51/spectrograms_generated_210521_212334/gr41rd51__3part_SYLc_th4191_belowhits_210612_1058.10971.cbin.spect.npz,/home/art/Documents/data/BFSongRepository/gr41rd51/062112/has_notmat_gaps_cleaned/gr41rd51__3part_SYLc_th4191_belowhits_210612_1058.10971.cbin.not.mat,notmat,12.358,0.002,train
/home/art/Documents/data/BFSongRepository/gr41rd51/062112/has_notmat_gaps_cleaned/gr41rd51__3part_SYLc_th4191_belowhits_210612_1058.10974.cbin,/home/art/Documents/repos/coding/birdsong/tweetynet/data/BFSongRepository/learncurve/gr41rd51/spectrograms_generated_210521_212334/gr41rd51__3part_SYLc_th4191_belowhits_210612_1058.10974.cbin.spect.npz,/home/art/Documents/data/BFSongRepository/gr41rd51/062112/has_notmat_gaps_cleaned/gr41rd51__3part_SYLc_th4191_belowhits_210612_1058.10974.cbin.not.mat,notmat,13.402000000000001,0.002,train
/home/art/Documents/data/BFSongRepository/gr41rd51/062112/has_notmat_gaps_cleaned/gr41rd51__3part_SYLc_th4191_belowhits_210612_1059.10977.cbin,/home/art/Documents/repos/coding/birdsong/tweetynet/data/BFSongRepository/learncurve/gr41rd51/spectrograms_generated_210521_212334/gr41rd51__3part_SYLc_th4191_belowhits_210612_1059.10977.cbin.spect.npz,/home/art/Documents/data/BFSongRepository/gr41rd51/062112/has_notmat_gaps_cleaned/gr41rd51__3part_SYLc_th4191_belowhits_210612_1059.10977.cbin.not.mat,notmat,13.71,0.002,None
/home/art/Documents/data/BFSongRepository/gr41rd51/062112/has_notmat_gaps_cleaned/gr41rd51__3part_SYLc_th4191_belowhits_210612_1059.10981.cbin,/home/art/Documents/repos/coding/birdsong/tweetynet/data/BFSongRepository/learncurve/gr41rd51/spectrograms_generated_210521_212334/gr41rd51__3part_SYLc_th4191_belowhits_210612_1059.10981.cbin.spect.npz,/home/art/Documents/data/BFSongRepository/gr41rd51/062112/has_notmat_gaps_cleaned/gr41rd51__3part_SYLc_th4191_belowhits_210612_1059.10981.cbin.not.mat,notmat,11.694,0.002,test
/home/art/Documents/data/BFSongRepository/gr41rd51/062112/has_notmat_gaps_cleaned/gr41rd51__3part_SYLc_th4191_belowhits_210612_1103.11008.cbin,/home/art/Documents/repos/coding/birdsong/tweetynet/data/BFSongRepository/learncurve/gr41rd51/spectrograms_generated_210521_212334/gr41rd51__3part_SYLc_th4191_belowhits_210612_1103.11008.cbin.spect.npz,/home/art/Documents/data/BFSongRepository/gr41rd51/062112/has_notmat_gaps_cleaned/gr41rd51__3part_SYLc_th4191_belowhits_210612_1103.11008.cbin.not.mat,notmat,17.478,0.002,train
/home/art/Documents/data/BFSongRepository/gr41rd51/062112/has_notmat_gaps_cleaned/gr41rd51__3part_SYLc_th4191_belowhits_210612_1103.11013.cbin,/home/art/Documents/repos/coding/birdsong/tweetynet/data/BFSongRepository/learncurve/gr41rd51/spectrograms_generated_210521_212334/gr41rd51__3part_SYLc_th4191_belowhits_210612_1103.11013.cbin.spect.npz,/home/art/Documents/data/BFSongRepository/gr41rd51/062112/has_notmat_gaps_cleaned/gr41rd51__3part_SYLc_th4191_belowhits_210612_1103.11013.cbin.not.mat,notmat,11.636000000000001,0.002,None
/home/art/Documents/data/BFSongRepository/gr41rd51/062112/has_notmat_gaps_cleaned/gr41rd51__3part_SYLc_th4191_belowhits_210612_1105.11021.cbin,/home/art/Documents/repos/coding/birdsong/tweetynet/data/BFSongRepository/learncurve/gr41rd51/spectrograms_generated_210521_212334/gr41rd51__3part_SYLc_th4191_belowhits_210612_1105.11021.cbin.spect.npz,/home/art/Documents/data/BFSongRepository/gr41rd51/062112/has_notmat_gaps_cleaned/gr41rd51__3part_SYLc_th4191_belowhits_210612_1105.11021.cbin.not.mat,notmat,14.894,0.002,None
/home/art/Documents/data/BFSongRepository/gr41rd51/062112/has_notmat_gaps_cleaned/gr41rd51__3part_SYLc_th4191_belowhits_210612_1110.11037.cbin,/home/art/Documents/repos/coding/birdsong/tweetynet/data/BFSongRepository/learncurve/gr41rd51/spectrograms_generated_210521_212334/gr41rd51__3part_SYLc_th4191_belowhits_210612_1110.11037.cbin.spect.npz,/home/art/Documents/data/BFSongRepository/gr41rd51/062112/has_notmat_gaps_cleaned/gr41rd51__3part_SYLc_th4191_belowhits_210612_1110.11037.cbin.not.mat,notmat,12.082,0.002,None
/home/art/Documents/data/BFSongRepository/gr41rd51/062112/has_notmat_gaps_cleaned/gr41rd51__3part_SYLc_th4191_belowhits_210612_1110.11038.cbin,/home/art/Documents/repos/coding/birdsong/tweetynet/data/BFSongRepository/learncurve/gr41rd51/spectrograms_generated_210521_212334/gr41rd51__3part_SYLc_th4191_belowhits_210612_1110.11038.cbin.spect.npz,/home/art/Documents/data/BFSongRepository/gr41rd51/062112/has_notmat_gaps_cleaned/gr41rd51__3part_SYLc_th4191_belowhits_210612_1110.11038.cbin.not.mat,notmat,12.352,0.002,train
/home/art/Documents/data/BFSongRepository/gr41rd51/062112/has_notmat_gaps_cleaned/gr41rd51__3part_SYLc_th4191_belowhits_210612_1111.11040.cbin,/home/art/Documents/repos/coding/birdsong/tweetynet/data/BFSongRepository/learncurve/gr41rd51/spectrograms_generated_210521_212334/gr41rd51__3part_SYLc_th4191_belowhits_210612_1111.11040.cbin.spect.npz,/home/art/Documents/data/BFSongRepository/gr41rd51/062112/has_notmat_gaps_cleaned/gr41rd51__3part_SYLc_th4191_belowhits_210612_1111.11040.cbin.not.mat,notmat,17.298000000000002,0.002,None
/home/art/Documents/data/BFSongRepository/gr41rd51/062112/has_notmat_gaps_cleaned/gr41rd51__3part_SYLc_th4191_belowhits_210612_1111.11046.cbin,/home/art/Documents/repos/coding/birdsong/tweetynet/data/BFSongRepository/learncurve/gr41rd51/spectrograms_generated_210521_212334/gr41rd51__3part_SYLc_th4191_belowhits_210612_1111.11046.cbin.spect.npz,/home/art/Documents/data/BFSongRepository/gr41rd51/062112/has_notmat_gaps_cleaned/gr41rd51__3part_SYLc_th4191_belowhits_210612_1111.11046.cbin.not.mat,notmat,14.678,0.002,None
/home/art/Documents/data/BFSongRepository/gr41rd51/062112/has_notmat_gaps_cleaned/gr41rd51__3part_SYLc_th4191_belowhits_210612_1112.11049.cbin,/home/art/Documents/repos/coding/birdsong/tweetynet/data/BFSongRepository/learncurve/gr41rd51/spectrograms_generated_210521_212334/gr41rd51__3part_SYLc_th4191_belowhits_210612_1112.11049.cbin.spect.npz,/home/art/Documents/data/BFSongRepository/gr41rd51/062112/has_notmat_gaps_cleaned/gr41rd51__3part_SYLc_th4191_belowhits_210612_1112.11049.cbin.not.mat,notmat,14.558,0.002,None
/home/art/Documents/data/BFSongRepository/gr41rd51/062112/has_notmat_gaps_cleaned/gr41rd51__3part_SYLc_th4191_belowhits_210612_1112.11051.cbin,/home/art/Documents/repos/coding/birdsong/tweetynet/data/BFSongRepository/learncurve/gr41rd51/spectrograms_generated_210521_212334/gr41rd51__3part_SYLc_th4191_belowhits_210612_1112.11051.cbin.spect.npz,/home/art/Documents/data/BFSongRepository/gr41rd51/062112/has_notmat_gaps_cleaned/gr41rd51__3part_SYLc_th4191_belowhits_210612_1112.11051.cbin.not.mat,notmat,11.57,0.002,test
/home/art/Documents/data/BFSongRepository/gr41rd51/062112/has_notmat_gaps_cleaned/gr41rd51__3part_SYLc_th4191_belowhits_210612_1115.11079.cbin,/home/art/Documents/repos/coding/birdsong/tweetynet/data/BFSongRepository/learncurve/gr41rd51/spectrograms_generated_210521_212334/gr41rd51__3part_SYLc_th4191_belowhits_210612_1115.11079.cbin.spect.npz,/home/art/Documents/data/BFSongRepository/gr41rd51/062112/has_notmat_gaps_cleaned/gr41rd51__3part_SYLc_th4191_belowhits_210612_1115.11079.cbin.not.mat,notmat,15.358,0.002,None
/home/art/Documents/data/BFSongRepository/gr41rd51/062112/has_notmat_gaps_cleaned/gr41rd51__3part_SYLc_th4191_belowhits_210612_1116.11088.cbin,/home/art/Documents/repos/coding/birdsong/tweetynet/data/BFSongRepository/learncurve/gr41rd51/spectrograms_generated_210521_212334/gr41rd51__3part_SYLc_th4191_belowhits_210612_1116.11088.cbin.spect.npz,/home/art/Documents/data/BFSongRepository/gr41rd51/062112/has_notmat_gaps_cleaned/gr41rd51__3part_SYLc_th4191_belowhits_210612_1116.11088.cbin.not.mat,notmat,19.26,0.002,test
