,audio_path,spect_path,annot_path,annot_format,duration,timebin_dur,split
0,/home/art/Documents/data/BirdsongRecognition/Bird0/Wave/Bird0_0001_2021_04_17_11_34_40.wav,/home/art/Documents/data/BirdsongRecognition/Bird0/Wave/spectrograms_generated_210528_224944/Bird0_0001_2021_04_17_11_34_40.wav.spect.npz,/home/art/Documents/data/BirdsongRecognition/Bird0/Wave/tweetynet-Bird0_annotation.mat,yarden,7.644,0.002,train
1,/home/art/Documents/data/BirdsongRecognition/Bird0/Wave/Bird0_0002_2021_04_17_11_35_21.wav,/home/art/Documents/data/BirdsongRecognition/Bird0/Wave/spectrograms_generated_210528_224944/Bird0_0002_2021_04_17_11_35_21.wav.spect.npz,/home/art/Documents/data/BirdsongRecognition/Bird0/Wave/tweetynet-Bird0_annotation.mat,yarden,8.858,0.002,train
2,/home/art/Documents/data/BirdsongRecognition/Bird0/Wave/Bird0_0003_2021_04_17_11_35_44.wav,/home/art/Documents/data/BirdsongRecognition/Bird0/Wave/spectrograms_generated_210528_224944/Bird0_0003_2021_04_17_11_35_44.wav.spect.npz,/home/art/Documents/data/BirdsongRecognition/Bird0/Wave/tweetynet-Bird0_annotation.mat,yarden,12.068,0.002,train
3,/home/art/Documents/data/BirdsongRecognition/Bird0/Wave/Bird0_0004_2021_04_17_11_35_45.wav,/home/art/Documents/data/BirdsongRecognition/Bird0/Wave/spectrograms_generated_210528_224944/Bird0_0004_2021_04_17_11_35_45.wav.spect.npz,/home/art/Documents/data/BirdsongRecognition/Bird0/Wave/tweetynet-Bird0_annotation.mat,yarden,3.964,0.002,test
4,/home/art/Documents/data/BirdsongRecognition/Bird0/Wave/Bird0_0005_2021_04_17_11_35_45.wav,/home/art/Documents/data/BirdsongRecognition/Bird0/Wave/spectrograms_generated_210528_224944/Bird0_0005_2021_04_17_11_35_45.wav.spect.npz,/home/art/Documents/data/BirdsongRecognition/Bird0/Wave/tweetynet-Bird0_annotation.mat,yarden,8.342,0.002,test
5,/home/art/Documents/data/BirdsongRecognition/Bird0/Wave/Bird0_0006_2021_04_17_11_35_45.wav,/home/art/Documents/data/BirdsongRecognition/Bird0/Wave/spectrograms_generated_210528_224944/Bird0_0006_2021_04_17_11_35_45.wav.spect.npz,/home/art/Documents/data/BirdsongRecognition/Bird0/Wave/tweetynet-Bird0_annotation.mat,yarden,4.604,0.002,test
6,/home/art/Documents/data/BirdsongRecognition/Bird0/Wave/Bird0_0007_2021_04_17_11_35_45.wav,/home/art/Documents/data/BirdsongRecognition/Bird0/Wave/spectrograms_generated_210528_224944/Bird0_0007_2021_04_17_11_35_45.wav.spect.npz,/home/art/Documents/data/BirdsongRecognition/Bird0/Wave/tweetynet-Bird0_annotation.mat,yarden,11.634,0.002,test
7,/home/art/Documents/data/BirdsongRecognition/Bird0/Wave/Bird0_0008_2021_04_17_11_35_45.wav,/home/art/Documents/data/BirdsongRecognition/Bird0/Wave/spectrograms_generated_210528_224944/Bird0_0008_2021_04_17_11_35_45.wav.spect.npz,/home/art/Documents/data/BirdsongRecognition/Bird0/Wave/tweetynet-Bird0_annotation.mat,yarden,4.368,0.002,train
8,/home/art/Documents/data/BirdsongRecognition/Bird0/Wave/Bird0_0009_2021_04_17_11_35_45.wav,/home/art/Documents/data/BirdsongRecognition/Bird0/Wave/spectrograms_generated_210528_224944/Bird0_0009_2021_04_17_11_35_45.wav.spect.npz,/home/art/Documents/data/BirdsongRecognition/Bird0/Wave/tweetynet-Bird0_annotation.mat,yarden,12.746,0.002,test
9,/home/art/Documents/data/BirdsongRecognition/Bird0/Wave/Bird0_0010_2021_04_17_11_35_45.wav,/home/art/Documents/data/BirdsongRecognition/Bird0/Wave/spectrograms_generated_210528_224944/Bird0_0010_2021_04_17_11_35_45.wav.spect.npz,/home/art/Documents/data/BirdsongRecognition/Bird0/Wave/tweetynet-Bird0_annotation.mat,yarden,10.93,0.002,train
10,/home/art/Documents/data/BirdsongRecognition/Bird0/Wave/Bird0_0011_2021_04_17_11_35_45.wav,/home/art/Documents/data/BirdsongRecognition/Bird0/Wave/spectrograms_generated_210528_224944/Bird0_0011_2021_04_17_11_35_45.wav.spect.npz,/home/art/Documents/data/BirdsongRecognition/Bird0/Wave/tweetynet-Bird0_annotation.mat,yarden,4.522,0.002,train
11,/home/art/Documents/data/BirdsongRecognition/Bird0/Wave/Bird0_0012_2021_04_17_11_35_45.wav,/home/art/Documents/data/BirdsongRecognition/Bird0/Wave/spectrograms_generated_210528_224944/Bird0_0012_2021_04_17_11_35_45.wav.spect.npz,/home/art/Documents/data/BirdsongRecognition/Bird0/Wave/tweetynet-Bird0_annotation.mat,yarden,4.958,0.002,train
12,/home/art/Documents/data/BirdsongRecognition/Bird0/Wave/Bird0_0013_2021_04_17_11_35_45.wav,/home/art/Documents/data/BirdsongRecognition/Bird0/Wave/spectrograms_generated_210528_224944/Bird0_0013_2021_04_17_11_35_45.wav.spect.npz,/home/art/Documents/data/BirdsongRecognition/Bird0/Wave/tweetynet-Bird0_annotation.mat,yarden,5.142,0.002,train
13,/home/art/Documents/data/BirdsongRecognition/Bird0/Wave/Bird0_0014_2021_04_17_11_35_45.wav,/home/art/Documents/data/BirdsongRecognition/Bird0/Wave/spectrograms_generated_210528_224944/Bird0_0014_2021_04_17_11_35_45.wav.spect.npz,/home/art/Documents/data/BirdsongRecognition/Bird0/Wave/tweetynet-Bird0_annotation.mat,yarden,10.014,0.002,test
14,/home/art/Documents/data/BirdsongRecognition/Bird0/Wave/Bird0_0015_2021_04_17_11_35_45.wav,/home/art/Documents/data/BirdsongRecognition/Bird0/Wave/spectrograms_generated_210528_224944/Bird0_0015_2021_04_17_11_35_45.wav.spect.npz,/home/art/Documents/data/BirdsongRecognition/Bird0/Wave/tweetynet-Bird0_annotation.mat,yarden,12.804,0.002,train
15,/home/art/Documents/data/BirdsongRecognition/Bird0/Wave/Bird0_0016_2021_04_17_11_35_45.wav,/home/art/Documents/data/BirdsongRecognition/Bird0/Wave/spectrograms_generated_210528_224944/Bird0_0016_2021_04_17_11_35_45.wav.spect.npz,/home/art/Documents/data/BirdsongRecognition/Bird0/Wave/tweetynet-Bird0_annotation.mat,yarden,7.642,0.002,train
16,/home/art/Documents/data/BirdsongRecognition/Bird0/Wave/Bird0_0017_2021_04_17_11_35_45.wav,/home/art/Documents/data/BirdsongRecognition/Bird0/Wave/spectrograms_generated_210528_224944/Bird0_0017_2021_04_17_11_35_45.wav.spect.npz,/home/art/Documents/data/BirdsongRecognition/Bird0/Wave/tweetynet-Bird0_annotation.mat,yarden,12.862,0.002,train
17,/home/art/Documents/data/BirdsongRecognition/Bird0/Wave/Bird0_0018_2021_04_17_11_35_45.wav,/home/art/Documents/data/BirdsongRecognition/Bird0/Wave/spectrograms_generated_210528_224944/Bird0_0018_2021_04_17_11_35_45.wav.spect.npz,/home/art/Documents/data/BirdsongRecognition/Bird0/Wave/tweetynet-Bird0_annotation.mat,yarden,13.878,0.002,train
18,/home/art/Documents/data/BirdsongRecognition/Bird0/Wave/Bird0_0019_2021_04_17_11_35_45.wav,/home/art/Documents/data/BirdsongRecognition/Bird0/Wave/spectrograms_generated_210528_224944/Bird0_0019_2021_04_17_11_35_45.wav.spect.npz,/home/art/Documents/data/BirdsongRecognition/Bird0/Wave/tweetynet-Bird0_annotation.mat,yarden,4.572,0.002,val
19,/home/art/Documents/data/BirdsongRecognition/Bird0/Wave/Bird0_0020_2021_04_17_11_35_45.wav,/home/art/Documents/data/BirdsongRecognition/Bird0/Wave/spectrograms_generated_210528_224944/Bird0_0020_2021_04_17_11_35_45.wav.spect.npz,/home/art/Documents/data/BirdsongRecognition/Bird0/Wave/tweetynet-Bird0_annotation.mat,yarden,15.22,0.002,train
20,/home/art/Documents/data/BirdsongRecognition/Bird0/Wave/Bird0_0021_2021_04_17_11_35_45.wav,/home/art/Documents/data/BirdsongRecognition/Bird0/Wave/spectrograms_generated_210528_224944/Bird0_0021_2021_04_17_11_35_45.wav.spect.npz,/home/art/Documents/data/BirdsongRecognition/Bird0/Wave/tweetynet-Bird0_annotation.mat,yarden,4.7940000000000005,0.002,train
21,/home/art/Documents/data/BirdsongRecognition/Bird0/Wave/Bird0_0022_2021_04_17_11_35_45.wav,/home/art/Documents/data/BirdsongRecognition/Bird0/Wave/spectrograms_generated_210528_224944/Bird0_0022_2021_04_17_11_35_45.wav.spect.npz,/home/art/Documents/data/BirdsongRecognition/Bird0/Wave/tweetynet-Bird0_annotation.mat,yarden,10.134,0.002,train
22,/home/art/Documents/data/BirdsongRecognition/Bird0/Wave/Bird0_0023_2021_04_17_11_35_45.wav,/home/art/Documents/data/BirdsongRecognition/Bird0/Wave/spectrograms_generated_210528_224944/Bird0_0023_2021_04_17_11_35_45.wav.spect.npz,/home/art/Documents/data/BirdsongRecognition/Bird0/Wave/tweetynet-Bird0_annotation.mat,yarden,4.978,0.002,train
23,/home/art/Documents/data/BirdsongRecognition/Bird0/Wave/Bird0_0024_2021_04_17_11_35_45.wav,/home/art/Documents/data/BirdsongRecognition/Bird0/Wave/spectrograms_generated_210528_224944/Bird0_0024_2021_04_17_11_35_45.wav.spect.npz,/home/art/Documents/data/BirdsongRecognition/Bird0/Wave/tweetynet-Bird0_annotation.mat,yarden,13.466,0.002,train
24,/home/art/Documents/data/BirdsongRecognition/Bird0/Wave/Bird0_0025_2021_04_17_11_35_45.wav,/home/art/Documents/data/BirdsongRecognition/Bird0/Wave/spectrograms_generated_210528_224944/Bird0_0025_2021_04_17_11_35_45.wav.spect.npz,/home/art/Documents/data/BirdsongRecognition/Bird0/Wave/tweetynet-Bird0_annotation.mat,yarden,10.058,0.002,train
25,/home/art/Documents/data/BirdsongRecognition/Bird0/Wave/Bird0_0026_2021_04_17_11_35_45.wav,/home/art/Documents/data/BirdsongRecognition/Bird0/Wave/spectrograms_generated_210528_224944/Bird0_0026_2021_04_17_11_35_45.wav.spect.npz,/home/art/Documents/data/BirdsongRecognition/Bird0/Wave/tweetynet-Bird0_annotation.mat,yarden,4.228,0.002,test
26,/home/art/Documents/data/BirdsongRecognition/Bird0/Wave/Bird0_0027_2021_04_17_11_35_45.wav,/home/art/Documents/data/BirdsongRecognition/Bird0/Wave/spectrograms_generated_210528_224944/Bird0_0027_2021_04_17_11_35_45.wav.spect.npz,/home/art/Documents/data/BirdsongRecognition/Bird0/Wave/tweetynet-Bird0_annotation.mat,yarden,11.836,0.002,test
27,/home/art/Documents/data/BirdsongRecognition/Bird0/Wave/Bird0_0028_2021_04_17_11_35_45.wav,/home/art/Documents/data/BirdsongRecognition/Bird0/Wave/spectrograms_generated_210528_224944/Bird0_0028_2021_04_17_11_35_45.wav.spect.npz,/home/art/Documents/data/BirdsongRecognition/Bird0/Wave/tweetynet-Bird0_annotation.mat,yarden,9.182,0.002,train
28,/home/art/Documents/data/BirdsongRecognition/Bird0/Wave/Bird0_0029_2021_04_17_11_35_45.wav,/home/art/Documents/data/BirdsongRecognition/Bird0/Wave/spectrograms_generated_210528_224944/Bird0_0029_2021_04_17_11_35_45.wav.spect.npz,/home/art/Documents/data/BirdsongRecognition/Bird0/Wave/tweetynet-Bird0_annotation.mat,yarden,7.08,0.002,test
29,/home/art/Documents/data/BirdsongRecognition/Bird0/Wave/Bird0_0030_2021_04_17_11_35_45.wav,/home/art/Documents/data/BirdsongRecognition/Bird0/Wave/spectrograms_generated_210528_224944/Bird0_0030_2021_04_17_11_35_45.wav.spect.npz,/home/art/Documents/data/BirdsongRecognition/Bird0/Wave/tweetynet-Bird0_annotation.mat,yarden,14.462,0.002,test
30,/home/art/Documents/data/BirdsongRecognition/Bird0/Wave/Bird0_0031_2021_04_17_11_35_45.wav,/home/art/Documents/data/BirdsongRecognition/Bird0/Wave/spectrograms_generated_210528_224944/Bird0_0031_2021_04_17_11_35_45.wav.spect.npz,/home/art/Documents/data/BirdsongRecognition/Bird0/Wave/tweetynet-Bird0_annotation.mat,yarden,11.344,0.002,train
31,/home/art/Documents/data/BirdsongRecognition/Bird0/Wave/Bird0_0032_2021_04_17_11_35_45.wav,/home/art/Documents/data/BirdsongRecognition/Bird0/Wave/spectrograms_generated_210528_224944/Bird0_0032_2021_04_17_11_35_45.wav.spect.npz,/home/art/Documents/data/BirdsongRecognition/Bird0/Wave/tweetynet-Bird0_annotation.mat,yarden,10.666,0.002,test
32,/home/art/Documents/data/BirdsongRecognition/Bird0/Wave/Bird0_0033_2021_04_17_11_35_45.wav,/home/art/Documents/data/BirdsongRecognition/Bird0/Wave/spectrograms_generated_210528_224944/Bird0_0033_2021_04_17_11_35_45.wav.spect.npz,/home/art/Documents/data/BirdsongRecognition/Bird0/Wave/tweetynet-Bird0_annotation.mat,yarden,11.594,0.002,train
33,/home/art/Documents/data/BirdsongRecognition/Bird0/Wave/Bird0_0034_2021_04_17_11_35_45.wav,/home/art/Documents/data/BirdsongRecognition/Bird0/Wave/spectrograms_generated_210528_224944/Bird0_0034_2021_04_17_11_35_45.wav.spect.npz,/home/art/Documents/data/BirdsongRecognition/Bird0/Wave/tweetynet-Bird0_annotation.mat,yarden,10.816,0.002,test
34,/home/art/Documents/data/BirdsongRecognition/Bird0/Wave/Bird0_0035_2021_04_17_11_35_45.wav,/home/art/Documents/data/BirdsongRecognition/Bird0/Wave/spectrograms_generated_210528_224944/Bird0_0035_2021_04_17_11_35_45.wav.spect.npz,/home/art/Documents/data/BirdsongRecognition/Bird0/Wave/tweetynet-Bird0_annotation.mat,yarden,10.54,0.002,train
35,/home/art/Documents/data/BirdsongRecognition/Bird0/Wave/Bird0_0036_2021_04_17_11_35_45.wav,/home/art/Documents/data/BirdsongRecognition/Bird0/Wave/spectrograms_generated_210528_224944/Bird0_0036_2021_04_17_11_35_45.wav.spect.npz,/home/art/Documents/data/BirdsongRecognition/Bird0/Wave/tweetynet-Bird0_annotation.mat,yarden,12.444,0.002,train
36,/home/art/Documents/data/BirdsongRecognition/Bird0/Wave/Bird0_0037_2021_04_17_11_35_45.wav,/home/art/Documents/data/BirdsongRecognition/Bird0/Wave/spectrograms_generated_210528_224944/Bird0_0037_2021_04_17_11_35_45.wav.spect.npz,/home/art/Documents/data/BirdsongRecognition/Bird0/Wave/tweetynet-Bird0_annotation.mat,yarden,10.454,0.002,train
37,/home/art/Documents/data/BirdsongRecognition/Bird0/Wave/Bird0_0038_2021_04_17_11_35_45.wav,/home/art/Documents/data/BirdsongRecognition/Bird0/Wave/spectrograms_generated_210528_224944/Bird0_0038_2021_04_17_11_35_45.wav.spect.npz,/home/art/Documents/data/BirdsongRecognition/Bird0/Wave/tweetynet-Bird0_annotation.mat,yarden,13.41,0.002,train
38,/home/art/Documents/data/BirdsongRecognition/Bird0/Wave/Bird0_0039_2021_04_17_11_35_45.wav,/home/art/Documents/data/BirdsongRecognition/Bird0/Wave/spectrograms_generated_210528_224944/Bird0_0039_2021_04_17_11_35_45.wav.spect.npz,/home/art/Documents/data/BirdsongRecognition/Bird0/Wave/tweetynet-Bird0_annotation.mat,yarden,4.448,0.002,test
39,/home/art/Documents/data/BirdsongRecognition/Bird0/Wave/Bird0_0040_2021_04_17_11_35_45.wav,/home/art/Documents/data/BirdsongRecognition/Bird0/Wave/spectrograms_generated_210528_224944/Bird0_0040_2021_04_17_11_35_45.wav.spect.npz,/home/art/Documents/data/BirdsongRecognition/Bird0/Wave/tweetynet-Bird0_annotation.mat,yarden,11.726,0.002,train
40,/home/art/Documents/data/BirdsongRecognition/Bird0/Wave/Bird0_0041_2021_04_17_11_35_45.wav,/home/art/Documents/data/BirdsongRecognition/Bird0/Wave/spectrograms_generated_210528_224944/Bird0_0041_2021_04_17_11_35_45.wav.spect.npz,/home/art/Documents/data/BirdsongRecognition/Bird0/Wave/tweetynet-Bird0_annotation.mat,yarden,10.456,0.002,test
41,/home/art/Documents/data/BirdsongRecognition/Bird0/Wave/Bird0_0042_2021_04_17_11_35_45.wav,/home/art/Documents/data/BirdsongRecognition/Bird0/Wave/spectrograms_generated_210528_224944/Bird0_0042_2021_04_17_11_35_45.wav.spect.npz,/home/art/Documents/data/BirdsongRecognition/Bird0/Wave/tweetynet-Bird0_annotation.mat,yarden,8.046,0.002,train
42,/home/art/Documents/data/BirdsongRecognition/Bird0/Wave/Bird0_0043_2021_04_17_11_35_45.wav,/home/art/Documents/data/BirdsongRecognition/Bird0/Wave/spectrograms_generated_210528_224944/Bird0_0043_2021_04_17_11_35_45.wav.spect.npz,/home/art/Documents/data/BirdsongRecognition/Bird0/Wave/tweetynet-Bird0_annotation.mat,yarden,9.044,0.002,test
43,/home/art/Documents/data/BirdsongRecognition/Bird0/Wave/Bird0_0044_2021_04_17_11_35_45.wav,/home/art/Documents/data/BirdsongRecognition/Bird0/Wave/spectrograms_generated_210528_224944/Bird0_0044_2021_04_17_11_35_45.wav.spect.npz,/home/art/Documents/data/BirdsongRecognition/Bird0/Wave/tweetynet-Bird0_annotation.mat,yarden,4.65,0.002,train
44,/home/art/Documents/data/BirdsongRecognition/Bird0/Wave/Bird0_0045_2021_04_17_11_35_45.wav,/home/art/Documents/data/BirdsongRecognition/Bird0/Wave/spectrograms_generated_210528_224944/Bird0_0045_2021_04_17_11_35_45.wav.spect.npz,/home/art/Documents/data/BirdsongRecognition/Bird0/Wave/tweetynet-Bird0_annotation.mat,yarden,4.6000000000000005,0.002,val
45,/home/art/Documents/data/BirdsongRecognition/Bird0/Wave/Bird0_0046_2021_04_17_11_35_45.wav,/home/art/Documents/data/BirdsongRecognition/Bird0/Wave/spectrograms_generated_210528_224944/Bird0_0046_2021_04_17_11_35_45.wav.spect.npz,/home/art/Documents/data/BirdsongRecognition/Bird0/Wave/tweetynet-Bird0_annotation.mat,yarden,9.976,0.002,train
46,/home/art/Documents/data/BirdsongRecognition/Bird0/Wave/Bird0_0047_2021_04_17_11_35_45.wav,/home/art/Documents/data/BirdsongRecognition/Bird0/Wave/spectrograms_generated_210528_224944/Bird0_0047_2021_04_17_11_35_45.wav.spect.npz,/home/art/Documents/data/BirdsongRecognition/Bird0/Wave/tweetynet-Bird0_annotation.mat,yarden,14.474,0.002,test
47,/home/art/Documents/data/BirdsongRecognition/Bird0/Wave/Bird0_0048_2021_04_17_11_35_45.wav,/home/art/Documents/data/BirdsongRecognition/Bird0/Wave/spectrograms_generated_210528_224944/Bird0_0048_2021_04_17_11_35_45.wav.spect.npz,/home/art/Documents/data/BirdsongRecognition/Bird0/Wave/tweetynet-Bird0_annotation.mat,yarden,11.804,0.002,train
48,/home/art/Documents/data/BirdsongRecognition/Bird0/Wave/Bird0_0049_2021_04_17_11_35_45.wav,/home/art/Documents/data/BirdsongRecognition/Bird0/Wave/spectrograms_generated_210528_224944/Bird0_0049_2021_04_17_11_35_45.wav.spect.npz,/home/art/Documents/data/BirdsongRecognition/Bird0/Wave/tweetynet-Bird0_annotation.mat,yarden,13.526,0.002,train
49,/home/art/Documents/data/BirdsongRecognition/Bird0/Wave/Bird0_0050_2021_04_17_11_35_45.wav,/home/art/Documents/data/BirdsongRecognition/Bird0/Wave/spectrograms_generated_210528_224944/Bird0_0050_2021_04_17_11_35_45.wav.spect.npz,/home/art/Documents/data/BirdsongRecognition/Bird0/Wave/tweetynet-Bird0_annotation.mat,yarden,9.702,0.002,test
50,/home/art/Documents/data/BirdsongRecognition/Bird0/Wave/Bird0_0051_2021_04_17_11_35_45.wav,/home/art/Documents/data/BirdsongRecognition/Bird0/Wave/spectrograms_generated_210528_224944/Bird0_0051_2021_04_17_11_35_45.wav.spect.npz,/home/art/Documents/data/BirdsongRecognition/Bird0/Wave/tweetynet-Bird0_annotation.mat,yarden,5.09,0.002,train
51,/home/art/Documents/data/BirdsongRecognition/Bird0/Wave/Bird0_0052_2021_04_17_11_35_45.wav,/home/art/Documents/data/BirdsongRecognition/Bird0/Wave/spectrograms_generated_210528_224944/Bird0_0052_2021_04_17_11_35_45.wav.spect.npz,/home/art/Documents/data/BirdsongRecognition/Bird0/Wave/tweetynet-Bird0_annotation.mat,yarden,12.246,0.002,val
52,/home/art/Documents/data/BirdsongRecognition/Bird0/Wave/Bird0_0053_2021_04_17_11_35_45.wav,/home/art/Documents/data/BirdsongRecognition/Bird0/Wave/spectrograms_generated_210528_224944/Bird0_0053_2021_04_17_11_35_45.wav.spect.npz,/home/art/Documents/data/BirdsongRecognition/Bird0/Wave/tweetynet-Bird0_annotation.mat,yarden,10.0,0.002,val
53,/home/art/Documents/data/BirdsongRecognition/Bird0/Wave/Bird0_0054_2021_04_17_11_35_45.wav,/home/art/Documents/data/BirdsongRecognition/Bird0/Wave/spectrograms_generated_210528_224944/Bird0_0054_2021_04_17_11_35_45.wav.spect.npz,/home/art/Documents/data/BirdsongRecognition/Bird0/Wave/tweetynet-Bird0_annotation.mat,yarden,3.958,0.002,train
54,/home/art/Documents/data/BirdsongRecognition/Bird0/Wave/Bird0_0055_2021_04_17_11_35_45.wav,/home/art/Documents/data/BirdsongRecognition/Bird0/Wave/spectrograms_generated_210528_224944/Bird0_0055_2021_04_17_11_35_45.wav.spect.npz,/home/art/Documents/data/BirdsongRecognition/Bird0/Wave/tweetynet-Bird0_annotation.mat,yarden,10.286,0.002,test
55,/home/art/Documents/data/BirdsongRecognition/Bird0/Wave/Bird0_0056_2021_04_17_11_35_45.wav,/home/art/Documents/data/BirdsongRecognition/Bird0/Wave/spectrograms_generated_210528_224944/Bird0_0056_2021_04_17_11_35_45.wav.spect.npz,/home/art/Documents/data/BirdsongRecognition/Bird0/Wave/tweetynet-Bird0_annotation.mat,yarden,13.21,0.002,test
56,/home/art/Documents/data/BirdsongRecognition/Bird0/Wave/Bird0_0057_2021_04_17_11_35_45.wav,/home/art/Documents/data/BirdsongRecognition/Bird0/Wave/spectrograms_generated_210528_224944/Bird0_0057_2021_04_17_11_35_45.wav.spect.npz,/home/art/Documents/data/BirdsongRecognition/Bird0/Wave/tweetynet-Bird0_annotation.mat,yarden,11.954,0.002,test
57,/home/art/Documents/data/BirdsongRecognition/Bird0/Wave/Bird0_0058_2021_04_17_11_35_45.wav,/home/art/Documents/data/BirdsongRecognition/Bird0/Wave/spectrograms_generated_210528_224944/Bird0_0058_2021_04_17_11_35_45.wav.spect.npz,/home/art/Documents/data/BirdsongRecognition/Bird0/Wave/tweetynet-Bird0_annotation.mat,yarden,14.652,0.002,test
58,/home/art/Documents/data/BirdsongRecognition/Bird0/Wave/Bird0_0059_2021_04_17_11_35_45.wav,/home/art/Documents/data/BirdsongRecognition/Bird0/Wave/spectrograms_generated_210528_224944/Bird0_0059_2021_04_17_11_35_45.wav.spect.npz,/home/art/Documents/data/BirdsongRecognition/Bird0/Wave/tweetynet-Bird0_annotation.mat,yarden,10.92,0.002,test
59,/home/art/Documents/data/BirdsongRecognition/Bird0/Wave/Bird0_0060_2021_04_17_11_35_45.wav,/home/art/Documents/data/BirdsongRecognition/Bird0/Wave/spectrograms_generated_210528_224944/Bird0_0060_2021_04_17_11_35_45.wav.spect.npz,/home/art/Documents/data/BirdsongRecognition/Bird0/Wave/tweetynet-Bird0_annotation.mat,yarden,15.044,0.002,train
60,/home/art/Documents/data/BirdsongRecognition/Bird0/Wave/Bird0_0061_2021_04_17_11_35_45.wav,/home/art/Documents/data/BirdsongRecognition/Bird0/Wave/spectrograms_generated_210528_224944/Bird0_0061_2021_04_17_11_35_45.wav.spect.npz,/home/art/Documents/data/BirdsongRecognition/Bird0/Wave/tweetynet-Bird0_annotation.mat,yarden,9.478,0.002,train
61,/home/art/Documents/data/BirdsongRecognition/Bird0/Wave/Bird0_0062_2021_04_17_11_35_45.wav,/home/art/Documents/data/BirdsongRecognition/Bird0/Wave/spectrograms_generated_210528_224944/Bird0_0062_2021_04_17_11_35_45.wav.spect.npz,/home/art/Documents/data/BirdsongRecognition/Bird0/Wave/tweetynet-Bird0_annotation.mat,yarden,12.544,0.002,train
62,/home/art/Documents/data/BirdsongRecognition/Bird0/Wave/Bird0_0063_2021_04_17_11_35_45.wav,/home/art/Documents/data/BirdsongRecognition/Bird0/Wave/spectrograms_generated_210528_224944/Bird0_0063_2021_04_17_11_35_45.wav.spect.npz,/home/art/Documents/data/BirdsongRecognition/Bird0/Wave/tweetynet-Bird0_annotation.mat,yarden,10.418,0.002,test
63,/home/art/Documents/data/BirdsongRecognition/Bird0/Wave/Bird0_0064_2021_04_17_11_35_45.wav,/home/art/Documents/data/BirdsongRecognition/Bird0/Wave/spectrograms_generated_210528_224944/Bird0_0064_2021_04_17_11_35_45.wav.spect.npz,/home/art/Documents/data/BirdsongRecognition/Bird0/Wave/tweetynet-Bird0_annotation.mat,yarden,4.578,0.002,train
64,/home/art/Documents/data/BirdsongRecognition/Bird0/Wave/Bird0_0065_2021_04_17_11_35_45.wav,/home/art/Documents/data/BirdsongRecognition/Bird0/Wave/spectrograms_generated_210528_224944/Bird0_0065_2021_04_17_11_35_45.wav.spect.npz,/home/art/Documents/data/BirdsongRecognition/Bird0/Wave/tweetynet-Bird0_annotation.mat,yarden,6.5600000000000005,0.002,train
65,/home/art/Documents/data/BirdsongRecognition/Bird0/Wave/Bird0_0066_2021_04_17_11_35_45.wav,/home/art/Documents/data/BirdsongRecognition/Bird0/Wave/spectrograms_generated_210528_224944/Bird0_0066_2021_04_17_11_35_45.wav.spect.npz,/home/art/Documents/data/BirdsongRecognition/Bird0/Wave/tweetynet-Bird0_annotation.mat,yarden,13.32,0.002,test
66,/home/art/Documents/data/BirdsongRecognition/Bird0/Wave/Bird0_0067_2021_04_17_11_35_45.wav,/home/art/Documents/data/BirdsongRecognition/Bird0/Wave/spectrograms_generated_210528_224944/Bird0_0067_2021_04_17_11_35_45.wav.spect.npz,/home/art/Documents/data/BirdsongRecognition/Bird0/Wave/tweetynet-Bird0_annotation.mat,yarden,9.442,0.002,test
67,/home/art/Documents/data/BirdsongRecognition/Bird0/Wave/Bird0_0068_2021_04_17_11_35_45.wav,/home/art/Documents/data/BirdsongRecognition/Bird0/Wave/spectrograms_generated_210528_224944/Bird0_0068_2021_04_17_11_35_45.wav.spect.npz,/home/art/Documents/data/BirdsongRecognition/Bird0/Wave/tweetynet-Bird0_annotation.mat,yarden,4.458,0.002,test
68,/home/art/Documents/data/BirdsongRecognition/Bird0/Wave/Bird0_0069_2021_04_17_11_35_45.wav,/home/art/Documents/data/BirdsongRecognition/Bird0/Wave/spectrograms_generated_210528_224944/Bird0_0069_2021_04_17_11_35_45.wav.spect.npz,/home/art/Documents/data/BirdsongRecognition/Bird0/Wave/tweetynet-Bird0_annotation.mat,yarden,13.104,0.002,train
69,/home/art/Documents/data/BirdsongRecognition/Bird0/Wave/Bird0_0070_2021_04_17_11_35_45.wav,/home/art/Documents/data/BirdsongRecognition/Bird0/Wave/spectrograms_generated_210528_224944/Bird0_0070_2021_04_17_11_35_45.wav.spect.npz,/home/art/Documents/data/BirdsongRecognition/Bird0/Wave/tweetynet-Bird0_annotation.mat,yarden,4.624,0.002,test
70,/home/art/Documents/data/BirdsongRecognition/Bird0/Wave/Bird0_0071_2021_04_17_11_35_45.wav,/home/art/Documents/data/BirdsongRecognition/Bird0/Wave/spectrograms_generated_210528_224944/Bird0_0071_2021_04_17_11_35_45.wav.spect.npz,/home/art/Documents/data/BirdsongRecognition/Bird0/Wave/tweetynet-Bird0_annotation.mat,yarden,12.894,0.002,train
71,/home/art/Documents/data/BirdsongRecognition/Bird0/Wave/Bird0_0072_2021_04_17_11_35_45.wav,/home/art/Documents/data/BirdsongRecognition/Bird0/Wave/spectrograms_generated_210528_224944/Bird0_0072_2021_04_17_11_35_45.wav.spect.npz,/home/art/Documents/data/BirdsongRecognition/Bird0/Wave/tweetynet-Bird0_annotation.mat,yarden,4.646,0.002,test
72,/home/art/Documents/data/BirdsongRecognition/Bird0/Wave/Bird0_0073_2021_04_17_11_35_45.wav,/home/art/Documents/data/BirdsongRecognition/Bird0/Wave/spectrograms_generated_210528_224944/Bird0_0073_2021_04_17_11_35_45.wav.spect.npz,/home/art/Documents/data/BirdsongRecognition/Bird0/Wave/tweetynet-Bird0_annotation.mat,yarden,9.456,0.002,val
73,/home/art/Documents/data/BirdsongRecognition/Bird0/Wave/Bird0_0074_2021_04_17_11_35_45.wav,/home/art/Documents/data/BirdsongRecognition/Bird0/Wave/spectrograms_generated_210528_224944/Bird0_0074_2021_04_17_11_35_45.wav.spect.npz,/home/art/Documents/data/BirdsongRecognition/Bird0/Wave/tweetynet-Bird0_annotation.mat,yarden,12.838,0.002,train
74,/home/art/Documents/data/BirdsongRecognition/Bird0/Wave/Bird0_0075_2021_04_17_11_35_45.wav,/home/art/Documents/data/BirdsongRecognition/Bird0/Wave/spectrograms_generated_210528_224944/Bird0_0075_2021_04_17_11_35_45.wav.spect.npz,/home/art/Documents/data/BirdsongRecognition/Bird0/Wave/tweetynet-Bird0_annotation.mat,yarden,11.942,0.002,train
75,/home/art/Documents/data/BirdsongRecognition/Bird0/Wave/Bird0_0076_2021_04_17_11_35_45.wav,/home/art/Documents/data/BirdsongRecognition/Bird0/Wave/spectrograms_generated_210528_224944/Bird0_0076_2021_04_17_11_35_45.wav.spect.npz,/home/art/Documents/data/BirdsongRecognition/Bird0/Wave/tweetynet-Bird0_annotation.mat,yarden,11.058,0.002,train
76,/home/art/Documents/data/BirdsongRecognition/Bird0/Wave/Bird0_0077_2021_04_17_11_35_45.wav,/home/art/Documents/data/BirdsongRecognition/Bird0/Wave/spectrograms_generated_210528_224944/Bird0_0077_2021_04_17_11_35_45.wav.spect.npz,/home/art/Documents/data/BirdsongRecognition/Bird0/Wave/tweetynet-Bird0_annotation.mat,yarden,5.002,0.002,test
77,/home/art/Documents/data/BirdsongRecognition/Bird0/Wave/Bird0_0078_2021_04_17_11_35_45.wav,/home/art/Documents/data/BirdsongRecognition/Bird0/Wave/spectrograms_generated_210528_224944/Bird0_0078_2021_04_17_11_35_45.wav.spect.npz,/home/art/Documents/data/BirdsongRecognition/Bird0/Wave/tweetynet-Bird0_annotation.mat,yarden,9.442,0.002,test
78,/home/art/Documents/data/BirdsongRecognition/Bird0/Wave/Bird0_0079_2021_04_17_11_35_45.wav,/home/art/Documents/data/BirdsongRecognition/Bird0/Wave/spectrograms_generated_210528_224944/Bird0_0079_2021_04_17_11_35_45.wav.spect.npz,/home/art/Documents/data/BirdsongRecognition/Bird0/Wave/tweetynet-Bird0_annotation.mat,yarden,11.04,0.002,test
79,/home/art/Documents/data/BirdsongRecognition/Bird0/Wave/Bird0_0080_2021_04_17_11_35_45.wav,/home/art/Documents/data/BirdsongRecognition/Bird0/Wave/spectrograms_generated_210528_224944/Bird0_0080_2021_04_17_11_35_45.wav.spect.npz,/home/art/Documents/data/BirdsongRecognition/Bird0/Wave/tweetynet-Bird0_annotation.mat,yarden,11.504,0.002,val
80,/home/art/Documents/data/BirdsongRecognition/Bird0/Wave/Bird0_0081_2021_04_17_11_35_45.wav,/home/art/Documents/data/BirdsongRecognition/Bird0/Wave/spectrograms_generated_210528_224944/Bird0_0081_2021_04_17_11_35_45.wav.spect.npz,/home/art/Documents/data/BirdsongRecognition/Bird0/Wave/tweetynet-Bird0_annotation.mat,yarden,4.626,0.002,train
81,/home/art/Documents/data/BirdsongRecognition/Bird0/Wave/Bird0_0082_2021_04_17_11_35_45.wav,/home/art/Documents/data/BirdsongRecognition/Bird0/Wave/spectrograms_generated_210528_224944/Bird0_0082_2021_04_17_11_35_45.wav.spect.npz,/home/art/Documents/data/BirdsongRecognition/Bird0/Wave/tweetynet-Bird0_annotation.mat,yarden,11.236,0.002,train
82,/home/art/Documents/data/BirdsongRecognition/Bird0/Wave/Bird0_0083_2021_04_17_11_35_45.wav,/home/art/Documents/data/BirdsongRecognition/Bird0/Wave/spectrograms_generated_210528_224944/Bird0_0083_2021_04_17_11_35_45.wav.spect.npz,/home/art/Documents/data/BirdsongRecognition/Bird0/Wave/tweetynet-Bird0_annotation.mat,yarden,3.722,0.002,train
83,/home/art/Documents/data/BirdsongRecognition/Bird0/Wave/Bird0_0084_2021_04_17_11_35_45.wav,/home/art/Documents/data/BirdsongRecognition/Bird0/Wave/spectrograms_generated_210528_224944/Bird0_0084_2021_04_17_11_35_45.wav.spect.npz,/home/art/Documents/data/BirdsongRecognition/Bird0/Wave/tweetynet-Bird0_annotation.mat,yarden,11.194,0.002,train
84,/home/art/Documents/data/BirdsongRecognition/Bird0/Wave/Bird0_0085_2021_04_17_11_35_45.wav,/home/art/Documents/data/BirdsongRecognition/Bird0/Wave/spectrograms_generated_210528_224944/Bird0_0085_2021_04_17_11_35_45.wav.spect.npz,/home/art/Documents/data/BirdsongRecognition/Bird0/Wave/tweetynet-Bird0_annotation.mat,yarden,6.516,0.002,train
85,/home/art/Documents/data/BirdsongRecognition/Bird0/Wave/Bird0_0086_2021_04_17_11_35_45.wav,/home/art/Documents/data/BirdsongRecognition/Bird0/Wave/spectrograms_generated_210528_224944/Bird0_0086_2021_04_17_11_35_45.wav.spect.npz,/home/art/Documents/data/BirdsongRecognition/Bird0/Wave/tweetynet-Bird0_annotation.mat,yarden,14.094,0.002,test
86,/home/art/Documents/data/BirdsongRecognition/Bird0/Wave/Bird0_0087_2021_04_17_11_35_45.wav,/home/art/Documents/data/BirdsongRecognition/Bird0/Wave/spectrograms_generated_210528_224944/Bird0_0087_2021_04_17_11_35_45.wav.spect.npz,/home/art/Documents/data/BirdsongRecognition/Bird0/Wave/tweetynet-Bird0_annotation.mat,yarden,10.908,0.002,train
87,/home/art/Documents/data/BirdsongRecognition/Bird0/Wave/Bird0_0088_2021_04_17_11_35_45.wav,/home/art/Documents/data/BirdsongRecognition/Bird0/Wave/spectrograms_generated_210528_224944/Bird0_0088_2021_04_17_11_35_45.wav.spect.npz,/home/art/Documents/data/BirdsongRecognition/Bird0/Wave/tweetynet-Bird0_annotation.mat,yarden,11.154,0.002,train
88,/home/art/Documents/data/BirdsongRecognition/Bird0/Wave/Bird0_0089_2021_04_17_11_35_45.wav,/home/art/Documents/data/BirdsongRecognition/Bird0/Wave/spectrograms_generated_210528_224944/Bird0_0089_2021_04_17_11_35_45.wav.spect.npz,/home/art/Documents/data/BirdsongRecognition/Bird0/Wave/tweetynet-Bird0_annotation.mat,yarden,4.07,0.002,train
89,/home/art/Documents/data/BirdsongRecognition/Bird0/Wave/Bird0_0090_2021_04_17_11_35_45.wav,/home/art/Documents/data/BirdsongRecognition/Bird0/Wave/spectrograms_generated_210528_224944/Bird0_0090_2021_04_17_11_35_45.wav.spect.npz,/home/art/Documents/data/BirdsongRecognition/Bird0/Wave/tweetynet-Bird0_annotation.mat,yarden,8.878,0.002,test
90,/home/art/Documents/data/BirdsongRecognition/Bird0/Wave/Bird0_0091_2021_04_17_11_35_45.wav,/home/art/Documents/data/BirdsongRecognition/Bird0/Wave/spectrograms_generated_210528_224944/Bird0_0091_2021_04_17_11_35_45.wav.spect.npz,/home/art/Documents/data/BirdsongRecognition/Bird0/Wave/tweetynet-Bird0_annotation.mat,yarden,10.768,0.002,train
91,/home/art/Documents/data/BirdsongRecognition/Bird0/Wave/Bird0_0092_2021_04_17_11_35_45.wav,/home/art/Documents/data/BirdsongRecognition/Bird0/Wave/spectrograms_generated_210528_224944/Bird0_0092_2021_04_17_11_35_45.wav.spect.npz,/home/art/Documents/data/BirdsongRecognition/Bird0/Wave/tweetynet-Bird0_annotation.mat,yarden,7.736,0.002,test
92,/home/art/Documents/data/BirdsongRecognition/Bird0/Wave/Bird0_0093_2021_04_17_11_35_45.wav,/home/art/Documents/data/BirdsongRecognition/Bird0/Wave/spectrograms_generated_210528_224944/Bird0_0093_2021_04_17_11_35_45.wav.spect.npz,/home/art/Documents/data/BirdsongRecognition/Bird0/Wave/tweetynet-Bird0_annotation.mat,yarden,13.324,0.002,train
93,/home/art/Documents/data/BirdsongRecognition/Bird0/Wave/Bird0_0094_2021_04_17_11_35_45.wav,/home/art/Documents/data/BirdsongRecognition/Bird0/Wave/spectrograms_generated_210528_224944/Bird0_0094_2021_04_17_11_35_45.wav.spect.npz,/home/art/Documents/data/BirdsongRecognition/Bird0/Wave/tweetynet-Bird0_annotation.mat,yarden,10.998,0.002,train
94,/home/art/Documents/data/BirdsongRecognition/Bird0/Wave/Bird0_0095_2021_04_17_11_35_45.wav,/home/art/Documents/data/BirdsongRecognition/Bird0/Wave/spectrograms_generated_210528_224944/Bird0_0095_2021_04_17_11_35_45.wav.spect.npz,/home/art/Documents/data/BirdsongRecognition/Bird0/Wave/tweetynet-Bird0_annotation.mat,yarden,10.976,0.002,train
95,/home/art/Documents/data/BirdsongRecognition/Bird0/Wave/Bird0_0096_2021_04_17_11_35_45.wav,/home/art/Documents/data/BirdsongRecognition/Bird0/Wave/spectrograms_generated_210528_224944/Bird0_0096_2021_04_17_11_35_45.wav.spect.npz,/home/art/Documents/data/BirdsongRecognition/Bird0/Wave/tweetynet-Bird0_annotation.mat,yarden,11.758,0.002,train
96,/home/art/Documents/data/BirdsongRecognition/Bird0/Wave/Bird0_0097_2021_04_17_11_35_45.wav,/home/art/Documents/data/BirdsongRecognition/Bird0/Wave/spectrograms_generated_210528_224944/Bird0_0097_2021_04_17_11_35_45.wav.spect.npz,/home/art/Documents/data/BirdsongRecognition/Bird0/Wave/tweetynet-Bird0_annotation.mat,yarden,12.17,0.002,test
97,/home/art/Documents/data/BirdsongRecognition/Bird0/Wave/Bird0_0098_2021_04_17_11_35_45.wav,/home/art/Documents/data/BirdsongRecognition/Bird0/Wave/spectrograms_generated_210528_224944/Bird0_0098_2021_04_17_11_35_45.wav.spect.npz,/home/art/Documents/data/BirdsongRecognition/Bird0/Wave/tweetynet-Bird0_annotation.mat,yarden,13.142,0.002,val
98,/home/art/Documents/data/BirdsongRecognition/Bird0/Wave/Bird0_0099_2021_04_17_11_35_45.wav,/home/art/Documents/data/BirdsongRecognition/Bird0/Wave/spectrograms_generated_210528_224944/Bird0_0099_2021_04_17_11_35_45.wav.spect.npz,/home/art/Documents/data/BirdsongRecognition/Bird0/Wave/tweetynet-Bird0_annotation.mat,yarden,12.562,0.002,train
99,/home/art/Documents/data/BirdsongRecognition/Bird0/Wave/Bird0_0100_2021_04_17_11_35_45.wav,/home/art/Documents/data/BirdsongRecognition/Bird0/Wave/spectrograms_generated_210528_224944/Bird0_0100_2021_04_17_11_35_45.wav.spect.npz,/home/art/Documents/data/BirdsongRecognition/Bird0/Wave/tweetynet-Bird0_annotation.mat,yarden,13.106,0.002,train
100,/home/art/Documents/data/BirdsongRecognition/Bird0/Wave/Bird0_0101_2021_04_17_11_35_45.wav,/home/art/Documents/data/BirdsongRecognition/Bird0/Wave/spectrograms_generated_210528_224944/Bird0_0101_2021_04_17_11_35_45.wav.spect.npz,/home/art/Documents/data/BirdsongRecognition/Bird0/Wave/tweetynet-Bird0_annotation.mat,yarden,4.096,0.002,train
101,/home/art/Documents/data/BirdsongRecognition/Bird0/Wave/Bird0_0102_2021_04_17_11_35_45.wav,/home/art/Documents/data/BirdsongRecognition/Bird0/Wave/spectrograms_generated_210528_224944/Bird0_0102_2021_04_17_11_35_45.wav.spect.npz,/home/art/Documents/data/BirdsongRecognition/Bird0/Wave/tweetynet-Bird0_annotation.mat,yarden,12.716,0.002,train
102,/home/art/Documents/data/BirdsongRecognition/Bird0/Wave/Bird0_0103_2021_04_17_11_35_45.wav,/home/art/Documents/data/BirdsongRecognition/Bird0/Wave/spectrograms_generated_210528_224944/Bird0_0103_2021_04_17_11_35_45.wav.spect.npz,/home/art/Documents/data/BirdsongRecognition/Bird0/Wave/tweetynet-Bird0_annotation.mat,yarden,14.018,0.002,test
103,/home/art/Documents/data/BirdsongRecognition/Bird0/Wave/Bird0_0104_2021_04_17_11_35_45.wav,/home/art/Documents/data/BirdsongRecognition/Bird0/Wave/spectrograms_generated_210528_224944/Bird0_0104_2021_04_17_11_35_45.wav.spect.npz,/home/art/Documents/data/BirdsongRecognition/Bird0/Wave/tweetynet-Bird0_annotation.mat,yarden,4.548,0.002,train
104,/home/art/Documents/data/BirdsongRecognition/Bird0/Wave/Bird0_0105_2021_04_17_11_35_45.wav,/home/art/Documents/data/BirdsongRecognition/Bird0/Wave/spectrograms_generated_210528_224944/Bird0_0105_2021_04_17_11_35_45.wav.spect.npz,/home/art/Documents/data/BirdsongRecognition/Bird0/Wave/tweetynet-Bird0_annotation.mat,yarden,16.132,0.002,test
105,/home/art/Documents/data/BirdsongRecognition/Bird0/Wave/Bird0_0106_2021_04_17_11_35_45.wav,/home/art/Documents/data/BirdsongRecognition/Bird0/Wave/spectrograms_generated_210528_224944/Bird0_0106_2021_04_17_11_35_45.wav.spect.npz,/home/art/Documents/data/BirdsongRecognition/Bird0/Wave/tweetynet-Bird0_annotation.mat,yarden,14.254,0.002,train
106,/home/art/Documents/data/BirdsongRecognition/Bird0/Wave/Bird0_0107_2021_04_17_11_35_45.wav,/home/art/Documents/data/BirdsongRecognition/Bird0/Wave/spectrograms_generated_210528_224944/Bird0_0107_2021_04_17_11_35_45.wav.spect.npz,/home/art/Documents/data/BirdsongRecognition/Bird0/Wave/tweetynet-Bird0_annotation.mat,yarden,13.848,0.002,train
107,/home/art/Documents/data/BirdsongRecognition/Bird0/Wave/Bird0_0108_2021_04_17_11_35_45.wav,/home/art/Documents/data/BirdsongRecognition/Bird0/Wave/spectrograms_generated_210528_224944/Bird0_0108_2021_04_17_11_35_45.wav.spect.npz,/home/art/Documents/data/BirdsongRecognition/Bird0/Wave/tweetynet-Bird0_annotation.mat,yarden,5.57,0.002,train
108,/home/art/Documents/data/BirdsongRecognition/Bird0/Wave/Bird0_0109_2021_04_17_11_35_45.wav,/home/art/Documents/data/BirdsongRecognition/Bird0/Wave/spectrograms_generated_210528_224944/Bird0_0109_2021_04_17_11_35_45.wav.spect.npz,/home/art/Documents/data/BirdsongRecognition/Bird0/Wave/tweetynet-Bird0_annotation.mat,yarden,9.534,0.002,train
109,/home/art/Documents/data/BirdsongRecognition/Bird0/Wave/Bird0_0110_2021_04_17_11_35_45.wav,/home/art/Documents/data/BirdsongRecognition/Bird0/Wave/spectrograms_generated_210528_224944/Bird0_0110_2021_04_17_11_35_45.wav.spect.npz,/home/art/Documents/data/BirdsongRecognition/Bird0/Wave/tweetynet-Bird0_annotation.mat,yarden,14.232,0.002,train
110,/home/art/Documents/data/BirdsongRecognition/Bird0/Wave/Bird0_0111_2021_04_17_11_35_45.wav,/home/art/Documents/data/BirdsongRecognition/Bird0/Wave/spectrograms_generated_210528_224944/Bird0_0111_2021_04_17_11_35_45.wav.spect.npz,/home/art/Documents/data/BirdsongRecognition/Bird0/Wave/tweetynet-Bird0_annotation.mat,yarden,5.396,0.002,train
111,/home/art/Documents/data/BirdsongRecognition/Bird0/Wave/Bird0_0112_2021_04_17_11_35_45.wav,/home/art/Documents/data/BirdsongRecognition/Bird0/Wave/spectrograms_generated_210528_224944/Bird0_0112_2021_04_17_11_35_45.wav.spect.npz,/home/art/Documents/data/BirdsongRecognition/Bird0/Wave/tweetynet-Bird0_annotation.mat,yarden,15.72,0.002,train
112,/home/art/Documents/data/BirdsongRecognition/Bird0/Wave/Bird0_0113_2021_04_17_11_35_45.wav,/home/art/Documents/data/BirdsongRecognition/Bird0/Wave/spectrograms_generated_210528_224944/Bird0_0113_2021_04_17_11_35_45.wav.spect.npz,/home/art/Documents/data/BirdsongRecognition/Bird0/Wave/tweetynet-Bird0_annotation.mat,yarden,4.774,0.002,train
113,/home/art/Documents/data/BirdsongRecognition/Bird0/Wave/Bird0_0114_2021_04_17_11_35_45.wav,/home/art/Documents/data/BirdsongRecognition/Bird0/Wave/spectrograms_generated_210528_224944/Bird0_0114_2021_04_17_11_35_45.wav.spect.npz,/home/art/Documents/data/BirdsongRecognition/Bird0/Wave/tweetynet-Bird0_annotation.mat,yarden,14.642,0.002,train
114,/home/art/Documents/data/BirdsongRecognition/Bird0/Wave/Bird0_0115_2021_04_17_11_35_45.wav,/home/art/Documents/data/BirdsongRecognition/Bird0/Wave/spectrograms_generated_210528_224944/Bird0_0115_2021_04_17_11_35_45.wav.spect.npz,/home/art/Documents/data/BirdsongRecognition/Bird0/Wave/tweetynet-Bird0_annotation.mat,yarden,12.722,0.002,train
115,/home/art/Documents/data/BirdsongRecognition/Bird0/Wave/Bird0_0116_2021_04_17_11_35_45.wav,/home/art/Documents/data/BirdsongRecognition/Bird0/Wave/spectrograms_generated_210528_224944/Bird0_0116_2021_04_17_11_35_45.wav.spect.npz,/home/art/Documents/data/BirdsongRecognition/Bird0/Wave/tweetynet-Bird0_annotation.mat,yarden,10.636,0.002,val
116,/home/art/Documents/data/BirdsongRecognition/Bird0/Wave/Bird0_0117_2021_04_17_11_35_45.wav,/home/art/Documents/data/BirdsongRecognition/Bird0/Wave/spectrograms_generated_210528_224944/Bird0_0117_2021_04_17_11_35_45.wav.spect.npz,/home/art/Documents/data/BirdsongRecognition/Bird0/Wave/tweetynet-Bird0_annotation.mat,yarden,5.096,0.002,train
117,/home/art/Documents/data/BirdsongRecognition/Bird0/Wave/Bird0_0118_2021_04_17_11_35_45.wav,/home/art/Documents/data/BirdsongRecognition/Bird0/Wave/spectrograms_generated_210528_224944/Bird0_0118_2021_04_17_11_35_45.wav.spect.npz,/home/art/Documents/data/BirdsongRecognition/Bird0/Wave/tweetynet-Bird0_annotation.mat,yarden,13.154,0.002,train
118,/home/art/Documents/data/BirdsongRecognition/Bird0/Wave/Bird0_0119_2021_04_17_11_35_45.wav,/home/art/Documents/data/BirdsongRecognition/Bird0/Wave/spectrograms_generated_210528_224944/Bird0_0119_2021_04_17_11_35_45.wav.spect.npz,/home/art/Documents/data/BirdsongRecognition/Bird0/Wave/tweetynet-Bird0_annotation.mat,yarden,16.334,0.002,train
119,/home/art/Documents/data/BirdsongRecognition/Bird0/Wave/Bird0_0120_2021_04_17_11_35_45.wav,/home/art/Documents/data/BirdsongRecognition/Bird0/Wave/spectrograms_generated_210528_224944/Bird0_0120_2021_04_17_11_35_45.wav.spect.npz,/home/art/Documents/data/BirdsongRecognition/Bird0/Wave/tweetynet-Bird0_annotation.mat,yarden,14.672,0.002,train
120,/home/art/Documents/data/BirdsongRecognition/Bird0/Wave/Bird0_0121_2021_04_17_11_35_45.wav,/home/art/Documents/data/BirdsongRecognition/Bird0/Wave/spectrograms_generated_210528_224944/Bird0_0121_2021_04_17_11_35_45.wav.spect.npz,/home/art/Documents/data/BirdsongRecognition/Bird0/Wave/tweetynet-Bird0_annotation.mat,yarden,5.5760000000000005,0.002,val
121,/home/art/Documents/data/BirdsongRecognition/Bird0/Wave/Bird0_0122_2021_04_17_11_35_45.wav,/home/art/Documents/data/BirdsongRecognition/Bird0/Wave/spectrograms_generated_210528_224944/Bird0_0122_2021_04_17_11_35_45.wav.spect.npz,/home/art/Documents/data/BirdsongRecognition/Bird0/Wave/tweetynet-Bird0_annotation.mat,yarden,8.316,0.002,test
122,/home/art/Documents/data/BirdsongRecognition/Bird0/Wave/Bird0_0123_2021_04_17_11_35_45.wav,/home/art/Documents/data/BirdsongRecognition/Bird0/Wave/spectrograms_generated_210528_224944/Bird0_0123_2021_04_17_11_35_45.wav.spect.npz,/home/art/Documents/data/BirdsongRecognition/Bird0/Wave/tweetynet-Bird0_annotation.mat,yarden,13.354,0.002,train
123,/home/art/Documents/data/BirdsongRecognition/Bird0/Wave/Bird0_0124_2021_04_17_11_35_45.wav,/home/art/Documents/data/BirdsongRecognition/Bird0/Wave/spectrograms_generated_210528_224944/Bird0_0124_2021_04_17_11_35_45.wav.spect.npz,/home/art/Documents/data/BirdsongRecognition/Bird0/Wave/tweetynet-Bird0_annotation.mat,yarden,13.11,0.002,train
124,/home/art/Documents/data/BirdsongRecognition/Bird0/Wave/Bird0_0125_2021_04_17_11_35_45.wav,/home/art/Documents/data/BirdsongRecognition/Bird0/Wave/spectrograms_generated_210528_224944/Bird0_0125_2021_04_17_11_35_45.wav.spect.npz,/home/art/Documents/data/BirdsongRecognition/Bird0/Wave/tweetynet-Bird0_annotation.mat,yarden,16.404,0.002,train
125,/home/art/Documents/data/BirdsongRecognition/Bird0/Wave/Bird0_0126_2021_04_17_11_35_45.wav,/home/art/Documents/data/BirdsongRecognition/Bird0/Wave/spectrograms_generated_210528_224944/Bird0_0126_2021_04_17_11_35_45.wav.spect.npz,/home/art/Documents/data/BirdsongRecognition/Bird0/Wave/tweetynet-Bird0_annotation.mat,yarden,16.208000000000002,0.002,train
126,/home/art/Documents/data/BirdsongRecognition/Bird0/Wave/Bird0_0127_2021_04_17_11_35_45.wav,/home/art/Documents/data/BirdsongRecognition/Bird0/Wave/spectrograms_generated_210528_224944/Bird0_0127_2021_04_17_11_35_45.wav.spect.npz,/home/art/Documents/data/BirdsongRecognition/Bird0/Wave/tweetynet-Bird0_annotation.mat,yarden,18.432,0.002,train
127,/home/art/Documents/data/BirdsongRecognition/Bird0/Wave/Bird0_0128_2021_04_17_11_35_45.wav,/home/art/Documents/data/BirdsongRecognition/Bird0/Wave/spectrograms_generated_210528_224944/Bird0_0128_2021_04_17_11_35_45.wav.spect.npz,/home/art/Documents/data/BirdsongRecognition/Bird0/Wave/tweetynet-Bird0_annotation.mat,yarden,16.276,0.002,test
128,/home/art/Documents/data/BirdsongRecognition/Bird0/Wave/Bird0_0129_2021_04_17_11_35_45.wav,/home/art/Documents/data/BirdsongRecognition/Bird0/Wave/spectrograms_generated_210528_224944/Bird0_0129_2021_04_17_11_35_45.wav.spect.npz,/home/art/Documents/data/BirdsongRecognition/Bird0/Wave/tweetynet-Bird0_annotation.mat,yarden,5.748,0.002,test
129,/home/art/Documents/data/BirdsongRecognition/Bird0/Wave/Bird0_0130_2021_04_17_11_35_45.wav,/home/art/Documents/data/BirdsongRecognition/Bird0/Wave/spectrograms_generated_210528_224944/Bird0_0130_2021_04_17_11_35_45.wav.spect.npz,/home/art/Documents/data/BirdsongRecognition/Bird0/Wave/tweetynet-Bird0_annotation.mat,yarden,14.242,0.002,train
130,/home/art/Documents/data/BirdsongRecognition/Bird0/Wave/Bird0_0131_2021_04_17_11_35_45.wav,/home/art/Documents/data/BirdsongRecognition/Bird0/Wave/spectrograms_generated_210528_224944/Bird0_0131_2021_04_17_11_35_45.wav.spect.npz,/home/art/Documents/data/BirdsongRecognition/Bird0/Wave/tweetynet-Bird0_annotation.mat,yarden,14.948,0.002,train
131,/home/art/Documents/data/BirdsongRecognition/Bird0/Wave/Bird0_0132_2021_04_17_11_35_45.wav,/home/art/Documents/data/BirdsongRecognition/Bird0/Wave/spectrograms_generated_210528_224944/Bird0_0132_2021_04_17_11_35_45.wav.spect.npz,/home/art/Documents/data/BirdsongRecognition/Bird0/Wave/tweetynet-Bird0_annotation.mat,yarden,4.868,0.002,test
132,/home/art/Documents/data/BirdsongRecognition/Bird0/Wave/Bird0_0133_2021_04_17_11_35_45.wav,/home/art/Documents/data/BirdsongRecognition/Bird0/Wave/spectrograms_generated_210528_224944/Bird0_0133_2021_04_17_11_35_45.wav.spect.npz,/home/art/Documents/data/BirdsongRecognition/Bird0/Wave/tweetynet-Bird0_annotation.mat,yarden,12.666,0.002,train
133,/home/art/Documents/data/BirdsongRecognition/Bird0/Wave/Bird0_0134_2021_04_17_11_35_45.wav,/home/art/Documents/data/BirdsongRecognition/Bird0/Wave/spectrograms_generated_210528_224944/Bird0_0134_2021_04_17_11_35_45.wav.spect.npz,/home/art/Documents/data/BirdsongRecognition/Bird0/Wave/tweetynet-Bird0_annotation.mat,yarden,17.374,0.002,train
134,/home/art/Documents/data/BirdsongRecognition/Bird0/Wave/Bird0_0135_2021_04_17_11_35_45.wav,/home/art/Documents/data/BirdsongRecognition/Bird0/Wave/spectrograms_generated_210528_224944/Bird0_0135_2021_04_17_11_35_45.wav.spect.npz,/home/art/Documents/data/BirdsongRecognition/Bird0/Wave/tweetynet-Bird0_annotation.mat,yarden,13.79,0.002,train
